1,ハンバーグ
2,餃子
3,肉じゃが
4,カレー
5,牛丼
6,親子丼
7,豚の生姜焼き
8,グラタン
9,唐揚げ
10,コロッケ
11,シチュー
12,煮物
13,炒め物
14,天ぷら
15,揚げ物
16,豆腐料理
17,和え物
18,酢の物
19,ローストビーフ
20,豚の角煮
21,チキン南蛮
22,ピーマンの肉詰め
23,ロールキャベツ
24,スペアリブ
25,ローストチキン
26,もつ煮込み
27,ミートボール・肉団子
28,ミートローフ
29,牛すじ煮込み
30,とんかつ
31,ポークソテー
32,つくね
33,チャーシュー（焼き豚）
34,煮豚
35,ステーキ
36,鶏肉料理
37,トンテキ
38,肉巻き
39,ぶり大根
40,ぶりの照り焼き
41,さばの味噌煮
42,煮魚
43,あさりの酒蒸し
44,鮭のムニエル
45,南蛮漬け
46,焼き魚
47,鮭のホイル焼き
48,いわしのつみれ
49,かつおのたたき
50,いわしの梅煮
51,かぶら蒸し
52,ゆで卵
53,温泉卵
54,半熟卵
55,だし巻き卵・卵焼き
56,茶碗蒸し
57,キッシュ
58,オムレツ
59,かに玉
60,スクランブルエッグ
61,煮卵
62,目玉焼き
63,ニラ玉
64,ポーチドエッグ
65,スコッチエッグ
66,卵とじ
67,薄焼き卵
68,炒り卵
69,その他の卵料理
70,オムライス
71,チャーハン
72,パエリア
73,タコライス
74,チキンライス
75,ハヤシライス
76,ロコモコ
77,ピラフ
78,ハッシュドビーフ
79,その他○○ライス
80,寿司
81,丼物
82,炊き込みご飯
83,おかゆ・雑炊類
84,おにぎり
85,アレンジごはん
86,カルボナーラ
87,ミートソース
88,ナポリタン
89,ペペロンチーノ
90,ジェノベーゼ
91,ペスカトーレ
92,たらこパスタ・明太子パスタ
93,ボンゴレ
94,アラビアータ
95,トマトクリームパスタ
96,納豆パスタ
97,トマト系パスタ
98,クリーム系パスタ
99,オイル・塩系パスタ
100,チーズ系パスタ
101,バジルソース系パスタ
102,和風パスタ
103,きのこパスタ
104,ツナパスタ
105,冷製パスタ
106,スープスパ・スープパスタ
107,その他のパスタ
108,パスタソース
109,ニョッキ
110,ラザニア
111,うどん
112,蕎麦
113,そうめん
114,焼きそば
115,ラーメン
116,冷やし中華
117,つけ麺
118,その他の麺
119,お好み焼き
120,たこ焼き
121,味噌汁
122,豚汁
123,けんちん汁
124,お吸い物
125,かぼちゃスープ
126,野菜スープ
127,チャウダー・クラムチャウダー
128,コーンスープ・ポタージュ
129,トマトスープ
130,コンソメスープ
131,クリームスープ
132,中華スープ
133,和風スープ
134,韓国風スープ
135,その他のスープ
136,ポトフ
137,すき焼き
138,しゃぶしゃぶ
139,おでん
140,寄せ鍋
141,キムチ鍋
142,トマト鍋
143,カレー鍋
144,豆乳鍋
145,もつ鍋
146,石狩鍋
147,水炊き
148,湯豆腐
149,きりたんぽ鍋
150,雪見鍋（みぞれ鍋）
151,火鍋
152,韓国鍋・キムチチゲ鍋
153,ちゃんこ鍋
154,牡蠣鍋
155,カニ鍋
156,ねぎま鍋
157,鴨鍋
158,あんこう鍋
159,白味噌鍋
160,ミルフィーユ鍋
161,蒸し鍋
162,ポテトサラダ
163,タラモサラダ
164,マカロニサラダ
165,スパゲティサラダ
166,シーザーサラダ
167,大根サラダ
168,春雨サラダ
169,コールスロー
170,キャロットラペ
171,かぼちゃサラダ
172,ごぼうサラダ
173,コブサラダ
174,ホットサラダ・温野菜
175,ジャーサラダ
176,素材で選ぶサラダ
177,味付けで選ぶサラダ
178,マヨネーズを使ったサラダ
179,ナンプラーを使ったサラダ
180,サンドイッチ
181,フレンチトースト
182,食パン
183,蒸しパン
184,ホットサンド
185,惣菜パン
186,菓子パン
187,プレーンなパン
188,クロワッサン・デニッシュ
189,ハードブレッド
190,天然酵母パン
191,世界各国のパン
192,ヘルシーなパン
193,キャラパン
194,クッキー
195,スイートポテト
196,チーズケーキ
197,シフォンケーキ
198,パウンドケーキ
199,ケーキ
200,ホットケーキ・パンケーキ
201,タルト・パイ
202,チョコレート
203,スコーン・マフィン
204,焼き菓子
205,プリン
206,ドーナツ
207,シュークリーム・エクレア
208,ゼリー・寒天・ムース
209,アイス・シャーベット
210,和菓子
211,その他のお菓子
212,牛肉
213,豚肉
214,鶏肉
215,ひき肉
216,ベーコン
217,ソーセージ・ウインナー
218,ハム
219,その他のお肉加工品
220,サーモン・鮭
221,いわし
222,さば
223,あじ
224,ぶり
225,さんま
226,鯛
227,マグロ
228,たら
229,その他のさかな
230,いか
231,たこ
232,エビ
233,かに
234,牡蠣
235,貝類
236,明太子・魚卵
237,なす
238,かぼちゃ
239,大根
240,きゅうり
241,じゃがいも
242,さつまいも
243,キャベツ
244,白菜
245,トマト
246,もやし
247,小松菜
248,ほうれん草
249,ごぼう
250,アボカド
251,玉ねぎ
252,ブロッコリー
253,にんじん
254,春野菜
255,夏野菜
256,秋野菜
257,冬野菜
258,きのこ
259,香味野菜・ハーブ
260,りんご
261,ゆず
262,柿
263,レモン
264,バナナ
265,ブルーベリー
266,グレープフルーツ
267,キウイ
268,オレンジ
269,春の果物
270,夏の果物
271,秋の果物
272,冬の果物
273,ソース
274,タレ
275,つゆ
276,だし
277,ドレッシング
278,発酵食品・発酵調味料
279,その他の発酵食品・発酵調味料
280,スパイス＆ハーブ
281,柚子胡椒
282,オリーブオイル
283,ココナッツオイル
284,ごま油
285,エスニック・中華調味料
286,コーヒー
287,お茶
288,ソフトドリンク
289,ジュース・スムージー
290,おから
291,厚揚げ
292,納豆
293,高野豆腐
294,豆乳
295,木綿豆腐
296,絹ごし豆腐
297,油揚げ
298,大豆ミート
299,塩豆腐
300,その他の大豆・豆腐
301,もち米
302,もち麦
303,マカロニ・ペンネ
304,ホットケーキミックス
305,粉類
306,練物
307,加工食品
308,冷凍食品
309,レトルト食品
310,その他の加工食品
311,チーズ
312,その他の乳製品
313,ヨーグルト
314,こんにゃく
315,しらたき
316,海藻
317,乾物
318,漬物
319,キャラ弁
320,お弁当のおかず
321,運動会のお弁当
322,お花見のお弁当
323,遠足・ピクニックのお弁当
324,色別おかず
325,作り置き・冷凍できるおかず
326,すきまおかず
327,使い回しおかず
328,子供のお弁当
329,大人のお弁当
330,簡単お菓子
331,簡単夕食
332,簡単おつまみ
333,簡単おもてなし料理
334,簡単鶏肉料理
335,簡単豚肉料理
336,簡単魚料理
337,5分以内の簡単料理
338,男の簡単料理
339,100円以下の節約料理
340,300円前後の節約料理
341,朝食の献立（朝ごはん）
342,昼食の献立（昼ごはん）
343,低カロリー・ダイエット
344,ヘルシー料理
345,食物繊維の多い食品の料理
346,カルシウムの多い食品の料理
347,ビタミンの多い食品の料理
348,血圧が高めの方
349,糖質制限・低糖質
350,マクロビオティック
351,ベジタリアン
352,お疲れ気味の方
353,妊娠中の食事
354,離乳食
355,幼児食
356,薬膳料理
357,圧力鍋
358,ホームベーカリー
359,シリコンスチーマー
360,キッチンバサミ
361,タジン鍋
362,炊飯器
363,メイソンジャー
364,スープジャー
365,ホットプレート
366,電子レンジ
367,無水鍋
368,ホーロー鍋
369,ミキサー
370,中華鍋
371,フライパン一つでできる
372,メーカー・ブランド
373,その他の調理器具
374,おもてなし料理
375,おもてなしもう一品
376,おつまみ
377,限られた食材・調理器具で工夫
378,酢豚
379,チンジャオロース
380,八宝菜
381,マーボー豆腐（麻婆豆腐）
382,エビチリ
383,エビマヨ
384,ホイコーロー（回鍋肉）
385,バンバンジー
386,油淋鶏
387,よだれ鶏
388,ビーフン
389,ジャージャー麺
390,坦々麺
391,春巻き
392,肉まん
393,焼売（シュウマイ）
394,杏仁豆腐
395,ちまき（中華ちまき）
396,サンラータン（酸辣湯）
397,チャプチェ
398,チヂミ
399,ビビンバ
400,ナムル
401,キムチ
402,プルコギ
403,スンドゥブ
404,チョレギサラダ
405,冷麺
406,サムゲタン
407,サムギョプサル
408,クッパ
409,タッカルビ
410,チーズタッカルビ
411,カムジャタン
412,トッポギ
413,ケジャン
414,テンジャンチゲ
415,その他のチゲ
416,ピザ
417,ミネストローネ
418,リゾット
419,バーニャカウダ
420,カルパッチョ
421,アクアパッツァ
422,ピカタ
423,ブルスケッタ
424,パニーノ・パニーニ
425,カルツォーネ
426,カプレーゼ
427,パンナコッタ
428,ティラミス
429,ラタトゥイユ
430,チーズフォンデュ
431,テリーヌ
432,ブイヤベース
433,ムニエル
434,ビスク
435,マリネ
436,ガレット
437,スペイン料理
438,イギリス料理
439,ロシア料理
440,ドイツ料理
441,タイ料理
442,インド料理
443,ベトナム料理
444,ゴーヤチャンプル
445,ソーキそば・沖縄そば
446,海ぶどう
447,そうめんチャンプルー
448,ラフテー
449,ミミガー
450,ジューシー
451,サーターアンダーギー
452,ヒラヤーチー
453,コーレーグス・島唐辛子
454,ちゃんちゃん焼き
455,筑前煮
456,ジンギスカン
457,すいとん
458,ほうとう
459,ひつまぶし
460,ちゃんぽん
461,明石焼き
462,いかめし
463,せんべい汁
464,皿うどん
465,きりたんぽ
466,のっぺい汁
467,治部煮
468,いちご煮
469,三升漬け
470,三平汁
471,じゃっぱ汁
472,辛子蓮根
473,芋煮
474,五平餅
475,お食い初め料理
476,誕生日の料理
477,結婚記念日
478,パーティー料理・ホームパーティ
479,子どものパーティ
480,バーベキュー
481,きんとん（栗きんとん）
482,お雑煮
483,錦玉子・伊達巻
484,なます
485,黒豆
486,数の子
487,田作り
488,煮しめ
489,たたきごぼう
490,昆布巻き
491,酢れんこん
492,おせちの海老料理
493,八幡巻き
494,簡単おせち料理
495,クリスマスケーキ
496,クリスマスオードブル
497,クリスマスチキン
498,クリスマスサラダ
499,ひな祭りケーキ
500,ひな祭りちらしずし
501,ホワイトデー
502,お花見・春の行楽
503,子供の日
504,父の日
505,夏バテ対策
506,お祭り
507,ハロウィン
508,秋の行楽・紅葉
509,節分
510,恵方巻き
511,ななくさ粥（七草粥）
