701001,鶏レバー,300g
701001,酒,大さじ1
701001,しょうゆ,小さじ2
701001,「丸鶏がらスープ」,小さじ2
701001,片栗粉,大さじ2
701001,玉ねぎ,1個
701001,ゆでたけのこ,80g
701001,セロリ・大,1/2本
701001,ねぎ,1/2本
701001,にら,1/4束
701001,黄にら,1/4束
701001,しょうゆ,大さじ3
701001,酒,大さじ2
701001,砂糖,小さじ2
701001,「AJINOMOTOごま油好きの純正ごま油」,小さじ1・1/2
701001,うま味調味料「味の素®」,少々
701001,こしょう,少々
701001,「AJINOMOTO大豆の油健康プラス」,適量
701001,「AJINOMOTOごま油好きの純正ごま油」,少々
701002,木綿豆腐,1丁（300g）
701002,豚ひき肉,100g
701002,ねぎのみじん切り・大さじ2,20g
701002,しょうがのみじん切り,1かけ分
701002,にんにくのみじん切り,1かけ分
701002,「AJINOMOTOサラダ油」,大さじ2
701002,「CookDo」熟成豆板醤,小さじ1（5g）
701002,酒,大さじ1
701002,しょうゆ,大さじ1
701002,砂糖,小さじ2
701002,「CookDo」甜麺醤,小さじ2（10g）
701002,「丸鶏がらスープ」,小さじ1
701002,水,2/3カップ
701002,片栗粉,大さじ1
701002,水,大さじ1
701002,「AJINOMOTOごま油好きの純正ごま油」,小さじ1/2
701002,香菜,少々
701003,卵,3個
701003,かに缶,1缶
701003,ゆでたけのこ,30g
701003,長ねぎ,1/3本分（20g）
701003,しいたけ,2枚
701003,「CookDo香味ペースト」,12cm（8.5g）
701003,「AJINOMOTOサラダ油」,大さじ2
701003,小ねぎの小口切り,適量
701004,鶏骨つきもも肉,500g
701004,ねぎ,10cm
701004,おろしにんにく,1かけ分
701004,おろししょうが,2/3かけ分
701004,しょうゆ,大さじ2
701004,酒,大さじ1
701004,砂糖,小さじ2
701004,うま味調味料「味の素®」,少々
701004,片栗粉,大さじ5
701004,にんにくの薄切り,適量
701004,「AJINOMOTO大豆の油健康プラス」,適量
701004,香菜,適量
701004,サラダ菜,適量
701005,むきえび（大）,350g
701005,玉ねぎ,1/4個（50g）
701005,サンドイッチ用食パン,6枚
701005,酒,大さじ1
701005,「瀬戸のほんじお」,小さじ1
701005,しょうが汁,小さじ1
701005,卵白,1/2個分
701005,うま味調味料「味の素®」,少々
701005,片栗粉,大さじ2
701005,卵白,少々
701005,「AJINOMOTO大豆の油健康プラス」,適量
701005,香菜,適量
701005,レモン・くし形切り,1/2個
701006,えび,12尾
701006,酒,小さじ2
701006,うま味調味料「味の素®」,少々
701006,「瀬戸のほんじお」,少々
701006,こしょう,少々
701006,卵白,2個分
701006,薄力粉,大さじ3
701006,片栗粉,大さじ2
701006,水,適量
701006,サラダ菜,3枚
701006,「AJINOMOTOサラダ油」,適量
701006,トマト・飾り切り,1個
701006,パセリ,適量
701007,れんこん,1節
701007,豚ひき肉,100g
701007,むきえび（小）,100g
701007,卵白,1/2個分
701007,酒,大さじ1
701007,片栗粉,小さじ1
701007,しょうゆ,小さじ1/2
701007,しょうが汁,小さじ1/2
701007,うま味調味料「味の素®」,少々
701007,「瀬戸のほんじお」,少々
701007,片栗粉,適量
701007,卵白,1・1/2個分
701007,片栗粉,大さじ6
701007,水,大さじ6
701007,「AJINOMOTO大豆の油健康プラス」,適量
701007,きゅうり・薄切り,適量
701007,パイナップル缶・半月切り,1枚
701007,さくらんぼ缶,2個
701007,花椒塩,少々
701008,鶏むね肉（皮つき）,1枚（250g）
701008,水,1/2カップ
701008,酒,大さじ2
701008,ねぎの青い部分,5cm
701008,しょうがの皮,少々
701008,「瀬戸のほんじお」,少々
701008,きゅうり,2本
701008,トマト,1個
701008,練り白ごま・クリームタイプ,大さじ4
701008,砂糖,大さじ1
701008,酢,大さじ3
701008,しょうゆ,大さじ2
701008,ねぎのみじん切り,大さじ4
701008,しょうがのみじん切り,小さじ1
701008,鶏肉の蒸し汁,大さじ1
701008,うま味調味料「味の素®」,少々
701009,きゅうり,2本
701009,赤唐がらし（乾）,1本
701009,しょうがのせん切り,少々
701009,しょうがのせん切り,1かけ分
701009,酢,大さじ4
701009,砂糖,大さじ4
701009,しょうゆ,大さじ1
701009,「AJINOMOTOごま油好きの純正ごま油」,小さじ2
701009,ラー油,小さじ1
701010,もち米,3カップ
701010,豚もも肉・かたまり,200g
701010,ゆでたけのこ,1/2本（75g）
701010,にんじん,1/3本
701010,干ししいたけ,4枚
701010,酒,大さじ1
701010,「丸鶏がらスープ」,大さじ1
701010,砂糖,小さじ1
701010,「瀬戸のほんじお」,小さじ1/2
701010,しょうゆ,大さじ1・1/2
701010,「AJINOMOTO大豆の油健康プラス」,適量
701010,グリンピース水煮缶,大さじ3
701011,ご飯,800g
701011,焼き豚,150g
701011,ゆでたけのこ,1/2本（75g）
701011,干ししいたけ,4枚
701011,卵,2個
701011,「瀬戸のほんじお」,小さじ1/2
701011,こしょう,少々
701011,ねぎ・みじん切り,1/3本分
701011,しょうが・みじん切り,1かけ分
701011,「瀬戸のほんじお」,少々
701011,こしょう,少々
701011,「丸鶏がらスープ」,大さじ1・1/2
701011,酒,大さじ2
701011,しょうゆ,小さじ2
701011,「瀬戸のほんじお」,小さじ1/3
701011,こしょう,少々
701011,「AJINOMOTO大豆の油健康プラス」,大さじ3
701011,小ねぎ・小口切り,適量
701012,中華めん,4玉
701012,もやし,1/2袋
701012,ねぎ,1/2本
701012,焼き豚,8枚
701012,味つきメンマ,20g
701012,酒,大さじ4
701012,しょうゆ,大さじ3
701012,「丸鶏がらスープ」,大さじ2・1/2
701012,「AJINOMOTOごま油好きの純正ごま油」,小さじ1
701012,「瀬戸のほんじお」,小さじ1/3
701012,こしょう,少々
701012,水,6カップ
701013,中華生めん,4玉
701013,卵,2個
701013,きゅうり,2本
701013,焼き豚,150g
701013,きくらげ,4枚
701013,水,1/2カップ
701013,酢,1/3カップ
701013,しょうゆ,大さじ4
701013,砂糖,大さじ4
701013,「AJINOMOTOごま油好きの純正ごま油」,小さじ2
701013,「丸鶏がらスープ」,小さじ1
701013,「AJINOMOTOごま油好きの純正ごま油」,適量
701013,いり白ごま,適量
701013,紅しょうが,適量
701014,ビーフン,200g
701014,豚薄切り肉,150g
701014,白菜,2枚
701014,さやえんどう,8枚
701014,しいたけ,4枚
701014,にんじん,1/4本
701014,ゆでたけのこ,1/4本（40g）
701014,きくらげ,2枚
701014,おろししょうが,小さじ2
701014,水,1カップ
701014,酒,大さじ2
701014,しょうゆ,小さじ1・1/2
701014,「丸鶏がらスープ」,小さじ1/2
701014,水,大さじ1/2
701014,片栗粉,大さじ1/2
701014,水,6カップ
701014,「丸鶏がらスープ」,大さじ2
701014,しょうゆ,小さじ1・1/2
701014,「瀬戸のほんじお」,小さじ1
701014,こしょう,少々
701014,「AJINOMOTOごま油好きの純正ごま油」,小さじ1
701016,豚薄切り肉,80g
701016,絹ごし豆腐,1/3丁
701016,ゆでたけのこ,80g
701016,にんじん,1/3本
701016,きくらげ,2枚
701016,わけぎ,1本
701016,溶き卵,1個分
701016,水,5カップ
701016,「丸鶏がらスープ」,大さじ1・1/2
701016,しょうゆ,大さじ1
701016,「瀬戸のほんじお」,小さじ1
701016,こしょう,少々
701016,水,大さじ1・1/2
701016,片栗粉,大さじ1・1/2
701016,酢,大さじ1
701017,生わかめ,40g
701017,鶏ささ身,3本（120g）
701017,しょうが・せん切り,20g
701017,小ねぎ,1本
701017,「丸鶏がらスープ」,大さじ1・2/3
701017,水,5カップ
701017,酒,大さじ2
701017,しょうゆ,小さじ2
701017,「瀬戸のほんじお」,小さじ1/2
701017,「AJINOMOTOごま油好きの純正ごま油」,小さじ1
701018,鶏もも肉,600g
701018,ゆでたけのこ・小,1個（50g）
701018,干し帆立貝柱,4個（32g）
701018,干ししいたけ,4枚
701018,中国ハム,50g
701018,えびだんご,4個
701018,うずらの卵の水煮缶,8個
701018,さやえんどう,12枚
701018,「丸鶏がらスープ」,大さじ1
701018,「瀬戸のほんじお」,小さじ2/3
701018,うま味調味料「味の素®」,少々
701018,こしょう,少々
701018,水,5カップ
701018,片栗粉,適量
701018,水,少々
701018,鶏油,少々
701021,木綿豆腐,2丁
701021,豚バラ薄切り肉,100g
701021,白菜キムチ,100g
701021,もやし,1袋
701021,玉ねぎ,1/2個（100g）
701021,にら,1束
701021,春菊,1/2束
701021,しょうゆ,大さじ3
701021,「AJINOMOTOごま油好きの純正ごま油」,大さじ1
701021,粉唐がらし,大さじ1・1/2
701021,ねぎ・みじん切り,大さじ1
701021,にんにく・みじん切り,小さじ1
701021,すりごま,少々
701021,こしょう,少々
701021,「丸鶏がらスープ」,小さじ2
701021,水,2カップ
701022,たらばがにの足,200g
701022,えび,8尾
701022,いか,1/3杯分（120g）
701022,かき（むき身）,120g
701022,牛肩ロース薄切り肉,100g
701022,えのきだけ,1袋
701022,ほうれん草,1/2束（100g）
701022,香菜,2株
701022,キャベツ,1/8個
701022,緑豆春雨,100g
701022,らっきょうの甘酢漬け・みじん切り,5個
701022,砂糖,小さじ1/2
701022,うま味調味料「味の素®」,少々
701022,ナンプラー,適量
701022,青唐がらし・みじん切り,適量
701022,「味の素KKコンソメチキン」固形タイプ,3個
701022,水,5カップ
701023,米,2・1/2カップ
701023,牛ひき肉,200g
701023,玉ねぎ,1/2個（100g）
701023,にんじん,1/3本
701023,ピーマン,1個（35g）
701023,干しぶどう,大さじ2
701023,にんにく,1/3かけ
701023,バター,大さじ1
701023,カレー粉,大さじ1・1/2
701023,「瀬戸のほんじお」,少々
701023,こしょう,少々
701023,「味の素KKコンソメ」固形タイプ,1・1/2個
701023,水,2・2/3カップ
701023,パセリのみじん切り,小さじ1
701024,かぼちゃ,400g
701024,水,1カップ
701024,「ほんだしいりこだし」8gスティック,1/2本
701024,砂糖,大さじ1
701024,しょうゆ,小さじ1
701028,味の素冷凍食品KK「やわらか若鶏から揚げボリュームパック」,3個
701028,溶き卵,1個分
701028,玉ねぎ・薄切り,1/4個（50g）
701028,めんつゆ（ストレートタイプ）,大さじ1
701028,さやいんげん,2本
701028,焼きのり,1/4枚
701028,ご飯・子供用ご飯茶碗,1・1/2杯分
701029,味の素冷凍食品KK「具だくさんエビピラフ」,1/4袋
701029,味の素冷凍食品KK「レモンとバジルのチキン香り揚げ」,2・1/3個
701029,サニーレタス,1枚
701029,パイナップル缶,1/2枚
701029,うずらの卵,1個
701029,ミニトマト,1個
701029,「AJINOMOTO大豆の油健康プラス」,小さじ1
701031,味の素冷凍食品KK「具だくさんエビピラフ」,1/4袋
701031,味の素冷凍食品KK「プリプリのエビシューマイ」,2個
701031,油揚げ,1枚
701031,「ほんだし」,小さじ1/3
701031,砂糖,大さじ1
701031,しょうゆ,小さじ2
701031,水,1/2カップ
701031,ミニトマト,2個
701031,サラダ菜,1枚
701033,冷凍ハンバーグ,2個（50g）
701033,ブロッコリー,4房（60g）
701033,スパゲッティ,60g
701033,トマトケチャップ,大さじ1・1/2
701033,「瀬戸のほんじお」,少々
701033,こしょう,少々
701033,りんご,1/8個
701033,キウイ,1/4個
701033,プレーンヨーグルト,大さじ2
701033,「AJINOMOTO大豆の油健康プラス」,小さじ1
701033,トマトケチャップ・持参用,適量
701037,冷凍ハンバーグ,6個（150g）
701037,スライスチーズ,1・1/2枚
701037,パセリのみじん切り,大さじ1
701037,こしょう,少々
701037,レモン,1/8個
701038,味の素冷凍食品KK「ギョーザ」,12個
701038,トマト,1/2個
701038,ピーマン,1個（35g）
701038,ミックスチーズ,大さじ3
701038,パセリ,適量
701040,味の素冷凍食品KK「やわらか若鶏から揚げボリュームパック」,6個
701040,ねぎ,1/3本
701040,赤唐がらし（乾）,1本
701040,ポン酢しょうゆ,大さじ2・1/2
701041,味の素冷凍食品KK「やわらか若鶏から揚げボリュームパック」,3個
701041,からし明太子,1/2腹
701041,小ねぎ,1本
701041,牛乳,大さじ1
701041,「ピュアセレクトマヨネーズ」,大さじ1/2
701041,「瀬戸のほんじお」,少々
701041,こしょう,少々
701043,味の素冷凍食品KK「やわらか若鶏から揚げボリュームパック」,3個
701043,梅干し,1個
701043,ねぎ,1/8本
701043,しょうゆ,大さじ1・1/2
701043,酒,小さじ1
701043,削り節,少々
701043,いり白ごま,小さじ1/2
701046,味の素冷凍食品KK「野菜たっぷり中華丼の具」（2個入り）,1個
701046,餃子の皮,4枚
703001,鶏レバー,300g
703001,酒,大さじ1
703001,しょうゆ,小さじ2
703001,「丸鶏がらスープ」,小さじ2
703001,片栗粉,大さじ2
703001,玉ねぎ,1個
703001,ゆでたけのこ,80g
703001,セロリ・大,1/2本
703001,ねぎ,1/2本
703001,にら,1/4束
703001,黄にら,1/4束
703001,しょうゆ,大さじ3
703001,酒,大さじ2
703001,砂糖,小さじ2
703001,「AJINOMOTOごま油好きの純正ごま油」,小さじ1・1/2
703001,うま味調味料「味の素®」,少々
703001,こしょう,少々
703001,「AJINOMOTO大豆の油健康プラス」,適量
703001,「AJINOMOTOごま油好きの純正ごま油」,少々
703002,木綿豆腐,1丁（300g）
703002,豚ひき肉,100g
703002,ねぎのみじん切り・大さじ2,20g
703002,しょうがのみじん切り,1かけ分
703002,にんにくのみじん切り,1かけ分
703002,「AJINOMOTOサラダ油」,大さじ2
703002,「CookDo」熟成豆板醤,小さじ1（5g）
703002,酒,大さじ1
703002,しょうゆ,大さじ1
703002,砂糖,小さじ2
703002,「CookDo」甜麺醤,小さじ2（10g）
703002,「丸鶏がらスープ」,小さじ1
703002,水,2/3カップ
703002,片栗粉,大さじ1
703002,水,大さじ1
703002,「AJINOMOTOごま油好きの純正ごま油」,小さじ1/2
703002,香菜,少々
703003,卵,3個
703003,かに缶,1缶
703003,ゆでたけのこ,30g
703003,長ねぎ,1/3本分（20g）
703003,しいたけ,2枚
703003,「CookDo香味ペースト」,12cm（8.5g）
703003,「AJINOMOTOサラダ油」,大さじ2
703003,小ねぎの小口切り,適量
703004,鶏骨つきもも肉,500g
703004,ねぎ,10cm
703004,おろしにんにく,1かけ分
703004,おろししょうが,2/3かけ分
703004,しょうゆ,大さじ2
703004,酒,大さじ1
703004,砂糖,小さじ2
703004,うま味調味料「味の素®」,少々
703004,片栗粉,大さじ5
703004,にんにくの薄切り,適量
703004,「AJINOMOTO大豆の油健康プラス」,適量
703004,香菜,適量
703004,サラダ菜,適量
703005,むきえび（大）,350g
703005,玉ねぎ,1/4個（50g）
703005,サンドイッチ用食パン,6枚
703005,酒,大さじ1
703005,「瀬戸のほんじお」,小さじ1
703005,しょうが汁,小さじ1
703005,卵白,1/2個分
703005,うま味調味料「味の素®」,少々
703005,片栗粉,大さじ2
703005,卵白,少々
703005,「AJINOMOTO大豆の油健康プラス」,適量
703005,香菜,適量
703005,レモン・くし形切り,1/2個
703006,えび,12尾
703006,酒,小さじ2
703006,うま味調味料「味の素®」,少々
703006,「瀬戸のほんじお」,少々
703006,こしょう,少々
703006,卵白,2個分
703006,薄力粉,大さじ3
703006,片栗粉,大さじ2
703006,水,適量
703006,サラダ菜,3枚
703006,「AJINOMOTOサラダ油」,適量
703006,トマト・飾り切り,1個
703006,パセリ,適量
703007,れんこん,1節
703007,豚ひき肉,100g
703007,むきえび（小）,100g
703007,卵白,1/2個分
703007,酒,大さじ1
703007,片栗粉,小さじ1
703007,しょうゆ,小さじ1/2
703007,しょうが汁,小さじ1/2
703007,うま味調味料「味の素®」,少々
703007,「瀬戸のほんじお」,少々
703007,片栗粉,適量
703007,卵白,1・1/2個分
703007,片栗粉,大さじ6
703007,水,大さじ6
703007,「AJINOMOTO大豆の油健康プラス」,適量
703007,きゅうり・薄切り,適量
703007,パイナップル缶・半月切り,1枚
703007,さくらんぼ缶,2個
703007,花椒塩,少々
703008,鶏むね肉（皮つき）,1枚（250g）
703008,水,1/2カップ
703008,酒,大さじ2
703008,ねぎの青い部分,5cm
703008,しょうがの皮,少々
703008,「瀬戸のほんじお」,少々
703008,きゅうり,2本
703008,トマト,1個
703008,練り白ごま・クリームタイプ,大さじ4
703008,砂糖,大さじ1
703008,酢,大さじ3
703008,しょうゆ,大さじ2
703008,ねぎのみじん切り,大さじ4
703008,しょうがのみじん切り,小さじ1
703008,鶏肉の蒸し汁,大さじ1
703008,うま味調味料「味の素®」,少々
703009,きゅうり,2本
703009,赤唐がらし（乾）,1本
703009,しょうがのせん切り,少々
703009,しょうがのせん切り,1かけ分
703009,酢,大さじ4
703009,砂糖,大さじ4
703009,しょうゆ,大さじ1
703009,「AJINOMOTOごま油好きの純正ごま油」,小さじ2
703009,ラー油,小さじ1
703010,もち米,3カップ
703010,豚もも肉・かたまり,200g
703010,ゆでたけのこ,1/2本（75g）
703010,にんじん,1/3本
703010,干ししいたけ,4枚
703010,酒,大さじ1
703010,「丸鶏がらスープ」,大さじ1
703010,砂糖,小さじ1
703010,「瀬戸のほんじお」,小さじ1/2
703010,しょうゆ,大さじ1・1/2
703010,「AJINOMOTO大豆の油健康プラス」,適量
703010,グリンピース水煮缶,大さじ3
703011,ご飯,800g
703011,焼き豚,150g
703011,ゆでたけのこ,1/2本（75g）
703011,干ししいたけ,4枚
703011,卵,2個
703011,「瀬戸のほんじお」,小さじ1/2
703011,こしょう,少々
703011,ねぎ・みじん切り,1/3本分
703011,しょうが・みじん切り,1かけ分
703011,「瀬戸のほんじお」,少々
703011,こしょう,少々
703011,「丸鶏がらスープ」,大さじ1・1/2
703011,酒,大さじ2
703011,しょうゆ,小さじ2
703011,「瀬戸のほんじお」,小さじ1/3
703011,こしょう,少々
703011,「AJINOMOTO大豆の油健康プラス」,大さじ3
703011,小ねぎ・小口切り,適量
703012,中華めん,4玉
703012,もやし,1/2袋
703012,ねぎ,1/2本
703012,焼き豚,8枚
703012,味つきメンマ,20g
703012,酒,大さじ4
703012,しょうゆ,大さじ3
703012,「丸鶏がらスープ」,大さじ2・1/2
703012,「AJINOMOTOごま油好きの純正ごま油」,小さじ1
703012,「瀬戸のほんじお」,小さじ1/3
703012,こしょう,少々
703012,水,6カップ
703013,中華生めん,4玉
703013,卵,2個
703013,きゅうり,2本
703013,焼き豚,150g
703013,きくらげ,4枚
703013,水,1/2カップ
703013,酢,1/3カップ
703013,しょうゆ,大さじ4
703013,砂糖,大さじ4
703013,「AJINOMOTOごま油好きの純正ごま油」,小さじ2
703013,「丸鶏がらスープ」,小さじ1
703013,「AJINOMOTOごま油好きの純正ごま油」,適量
703013,いり白ごま,適量
703013,紅しょうが,適量
703014,ビーフン,200g
703014,豚薄切り肉,150g
703014,白菜,2枚
703014,さやえんどう,8枚
703014,しいたけ,4枚
703014,にんじん,1/4本
703014,ゆでたけのこ,1/4本（40g）
703014,きくらげ,2枚
703014,おろししょうが,小さじ2
703014,水,1カップ
703014,酒,大さじ2
703014,しょうゆ,小さじ1・1/2
703014,「丸鶏がらスープ」,小さじ1/2
703014,水,大さじ1/2
703014,片栗粉,大さじ1/2
703014,水,6カップ
703014,「丸鶏がらスープ」,大さじ2
703014,しょうゆ,小さじ1・1/2
703014,「瀬戸のほんじお」,小さじ1
703014,こしょう,少々
703014,「AJINOMOTOごま油好きの純正ごま油」,小さじ1
703016,豚薄切り肉,80g
703016,絹ごし豆腐,1/3丁
703016,ゆでたけのこ,80g
703016,にんじん,1/3本
703016,きくらげ,2枚
703016,わけぎ,1本
703016,溶き卵,1個分
703016,水,5カップ
703016,「丸鶏がらスープ」,大さじ1・1/2
703016,しょうゆ,大さじ1
703016,「瀬戸のほんじお」,小さじ1
703016,こしょう,少々
703016,水,大さじ1・1/2
703016,片栗粉,大さじ1・1/2
703016,酢,大さじ1
703017,生わかめ,40g
703017,鶏ささ身,3本（120g）
703017,しょうが・せん切り,20g
703017,小ねぎ,1本
703017,「丸鶏がらスープ」,大さじ1・2/3
703017,水,5カップ
703017,酒,大さじ2
703017,しょうゆ,小さじ2
703017,「瀬戸のほんじお」,小さじ1/2
703017,「AJINOMOTOごま油好きの純正ごま油」,小さじ1
703018,鶏もも肉,600g
703018,ゆでたけのこ・小,1個（50g）
703018,干し帆立貝柱,4個（32g）
703018,干ししいたけ,4枚
703018,中国ハム,50g
703018,えびだんご,4個
703018,うずらの卵の水煮缶,8個
703018,さやえんどう,12枚
703018,「丸鶏がらスープ」,大さじ1
703018,「瀬戸のほんじお」,小さじ2/3
703018,うま味調味料「味の素®」,少々
703018,こしょう,少々
703018,水,5カップ
703018,片栗粉,適量
703018,水,少々
703018,鶏油,少々
703021,木綿豆腐,2丁
703021,豚バラ薄切り肉,100g
703021,白菜キムチ,100g
703021,もやし,1袋
703021,玉ねぎ,1/2個（100g）
703021,にら,1束
703021,春菊,1/2束
703021,しょうゆ,大さじ3
703021,「AJINOMOTOごま油好きの純正ごま油」,大さじ1
703021,粉唐がらし,大さじ1・1/2
703021,ねぎ・みじん切り,大さじ1
703021,にんにく・みじん切り,小さじ1
703021,すりごま,少々
703021,こしょう,少々
703021,「丸鶏がらスープ」,小さじ2
703021,水,2カップ
703022,たらばがにの足,200g
703022,えび,8尾
703022,いか,1/3杯分（120g）
703022,かき（むき身）,120g
703022,牛肩ロース薄切り肉,100g
703022,えのきだけ,1袋
703022,ほうれん草,1/2束（100g）
703022,香菜,2株
703022,キャベツ,1/8個
703022,緑豆春雨,100g
703022,らっきょうの甘酢漬け・みじん切り,5個
703022,砂糖,小さじ1/2
703022,うま味調味料「味の素®」,少々
703022,ナンプラー,適量
703022,青唐がらし・みじん切り,適量
703022,「味の素KKコンソメチキン」固形タイプ,3個
703022,水,5カップ
703023,米,2・1/2カップ
703023,牛ひき肉,200g
703023,玉ねぎ,1/2個（100g）
703023,にんじん,1/3本
703023,ピーマン,1個（35g）
703023,干しぶどう,大さじ2
703023,にんにく,1/3かけ
703023,バター,大さじ1
703023,カレー粉,大さじ1・1/2
703023,「瀬戸のほんじお」,少々
703023,こしょう,少々
703023,「味の素KKコンソメ」固形タイプ,1・1/2個
703023,水,2・2/3カップ
703023,パセリのみじん切り,小さじ1
703024,かぼちゃ,400g
703024,水,1カップ
703024,「ほんだしいりこだし」8gスティック,1/2本
703024,砂糖,大さじ1
703024,しょうゆ,小さじ1
703028,味の素冷凍食品KK「やわらか若鶏から揚げボリュームパック」,3個
703028,溶き卵,1個分
703028,玉ねぎ・薄切り,1/4個（50g）
703028,めんつゆ（ストレートタイプ）,大さじ1
703028,さやいんげん,2本
703028,焼きのり,1/4枚
703028,ご飯・子供用ご飯茶碗,1・1/2杯分
703029,味の素冷凍食品KK「具だくさんエビピラフ」,1/4袋
703029,味の素冷凍食品KK「レモンとバジルのチキン香り揚げ」,2・1/3個
703029,サニーレタス,1枚
703029,パイナップル缶,1/2枚
703029,うずらの卵,1個
703029,ミニトマト,1個
703029,「AJINOMOTO大豆の油健康プラス」,小さじ1
703031,味の素冷凍食品KK「具だくさんエビピラフ」,1/4袋
703031,味の素冷凍食品KK「プリプリのエビシューマイ」,2個
703031,油揚げ,1枚
703031,「ほんだし」,小さじ1/3
703031,砂糖,大さじ1
703031,しょうゆ,小さじ2
703031,水,1/2カップ
703031,ミニトマト,2個
703031,サラダ菜,1枚
703033,冷凍ハンバーグ,2個（50g）
703033,ブロッコリー,4房（60g）
703033,スパゲッティ,60g
703033,トマトケチャップ,大さじ1・1/2
703033,「瀬戸のほんじお」,少々
703033,こしょう,少々
703033,りんご,1/8個
703033,キウイ,1/4個
703033,プレーンヨーグルト,大さじ2
703033,「AJINOMOTO大豆の油健康プラス」,小さじ1
703033,トマトケチャップ・持参用,適量
703037,冷凍ハンバーグ,6個（150g）
703037,スライスチーズ,1・1/2枚
703037,パセリのみじん切り,大さじ1
703037,こしょう,少々
703037,レモン,1/8個
703038,味の素冷凍食品KK「ギョーザ」,12個
703038,トマト,1/2個
703038,ピーマン,1個（35g）
703038,ミックスチーズ,大さじ3
703038,パセリ,適量
703040,味の素冷凍食品KK「やわらか若鶏から揚げボリュームパック」,6個
703040,ねぎ,1/3本
703040,赤唐がらし（乾）,1本
703040,ポン酢しょうゆ,大さじ2・1/2
703041,味の素冷凍食品KK「やわらか若鶏から揚げボリュームパック」,3個
703041,からし明太子,1/2腹
703041,小ねぎ,1本
703041,牛乳,大さじ1
703041,「ピュアセレクトマヨネーズ」,大さじ1/2
703041,「瀬戸のほんじお」,少々
703041,こしょう,少々
703043,味の素冷凍食品KK「やわらか若鶏から揚げボリュームパック」,3個
703043,梅干し,1個
703043,ねぎ,1/8本
703043,しょうゆ,大さじ1・1/2
703043,酒,小さじ1
703043,削り節,少々
703043,いり白ごま,小さじ1/2
703046,味の素冷凍食品KK「野菜たっぷり中華丼の具」（2個入り）,1個
703046,餃子の皮,4枚
10002001,大豆もやし,1/2袋
10002001,にんじん,3ｃｍ
10002001,いんげん,4本
10002001,木綿豆腐,1/2丁
10002001,塩,少々
10002001,キユーピー深煎りごまドレッシング,大さじ3
10002004,ピーマン,3個
10002004,玉ねぎ,1/4個
10002004,ミニトマト,4個
10002004,サラダチキン,50ｇ
10002004,キユーピーテイスティドレッシング　黒酢たまねぎ,大さじ3
10002010,ピーマン,4個
10002010,豚肉（こま切れ）,100ｇ
10002010,ミニトマト,4個
10002010,サラダ油,適量
10002010,キユーピーテイスティドレッシング　黒酢たまねぎ,大さじ3
10002011,ピーマン,4個
10002011,にんじん,1/2本
10002011,鶏むね肉,1/2枚
10002011,片栗粉,適量
10002011,サラダ油,小さじ2
10002011,キユーピーテイスティドレッシング　黒酢たまねぎ,大さじ3
10002014,きゅうり,1/2本
10002014,玉ねぎ,1/4個
10002014,サラダチキン,50ｇ
10002014,キユーピーマヨネーズ,大さじ2
10002014,サラダクラブミックスビーンズ　ひよこ豆／青えんどう／赤いんげん豆,1袋
10002015,玉ねぎ,1/4個
10002015,アボカド,1/2個
10002015,プロセスチーズ,3個
10002015,レモン汁,少々
10002015,キユーピーマヨネーズ,大さじ2
10002015,サラダクラブミックスビーンズ　ひよこ豆／青えんどう／赤いんげん豆,1袋
10002018,キャベツ,2枚（大）
10002018,赤パプリカ,1/4個
10002018,ツナ（缶詰）,1/2缶(35ｇ)
10002018,キユーピーマヨネーズ,大さじ2
10002018,サラダクラブミックスビーンズ　ひよこ豆／青えんどう／赤いんげん豆,1袋
10002019,ブロッコリー,1/3株
10002019,ゆで卵,1個
10002019,塩,適量
10002019,キユーピーマヨネーズ,大さじ3
10002019,サラダクラブミックスビーンズ　ひよこ豆／青えんどう／赤いんげん豆,1袋
10002019,サラダクラブブラックオリーブ（スライス）,1/2袋
10002020,にんじん,1/3本
10002020,玉ねぎ,1/4個
10002020,ひじき,7ｇ（乾燥）
10002020,キユーピーマヨネーズ,大さじ2
10002020,サラダクラブミックスビーンズ　ひよこ豆／青えんどう／赤いんげん豆,1袋
10002022,玉ねぎ,1/4個
10002022,アボカド,1/2個
10002022,カレー粉,小さじ1/2
10002022,キユーピーマヨネーズ,大さじ2
10002022,サラダクラブミックスビーンズ　ひよこ豆／青えんどう／赤いんげん豆,1袋
10002022,サラダクラブ北海道コーン（ホール）,大さじ2
10002032,トマト,1/2個
10002032,リーフレタス,2枚
10002032,黄パプリカ,1/4個
10002032,アボカド,1/2個
10002032,まぐろ,150ｇ
10002032,サラダクラブミックスビーンズ　ひよこ豆／青えんどう／赤いんげん豆,1袋
10002032,キユーピーテイスティドレッシング　黒酢たまねぎ,適量
10002035,きゅうり,1/2本
10002035,黄パプリカ,1/4個
10002035,たこ,80ｇ
10002035,キユーピーレモンドレッシング,大さじ2
10002035,キユーピーあらびきマスタード,小さじ1
10002035,サラダクラブガルバンゾ（ひよこ豆）,1袋
10002036,にんじん,1/4本
10002036,ひじき,10ｇ（乾燥）
10002036,油揚げ,1/4枚
10002036,しょうゆ,大さじ2
10002036,酒,大さじ2
10002036,砂糖（上白糖）,大さじ2
10002036,顆粒和風だし,小さじ1
10002036,水,200ＣＣ
10002036,サラダ油,小さじ2
10002036,サラダクラブ和豆ミックス（国産）　青大豆／白いんげん豆／きんとき豆,1袋
10002037,かつおのたたき,6切れ
10002037,新玉ねぎ,1/3個
10002037,レタス,1枚
10002037,小ねぎ,適量
10002037,キユーピーレモンドレッシング,適量
10002038,グリーンアスパラガス,4本
10002038,玉ねぎ,1/4個
10002038,鶏ささみ,2本
10002038,塩,少々
10002038,酒,少々
10002038,サラダクラブ和豆ミックス（国産）　青大豆／白いんげん豆／きんとき豆,1袋
10002038,キユーピーテイスティドレッシング　黒酢たまねぎ,大さじ2
10002039,えのきだけ,1パック
10002039,オクラ,6本
10002039,みょうが,1個
10002039,塩,適量
10002039,サラダクラブ和豆ミックス（国産）　青大豆／白いんげん豆／きんとき豆,1袋
10002039,キユーピーテイスティドレッシング　黒酢たまねぎ,大さじ2
10002040,スパゲッティ,200ｇ
10002040,ブロッコリー,1/2株
10002040,ミニトマト,8個
10002040,にんにく,1かけ
10002040,白ワイン,大さじ1
10002040,塩,少々
10002040,黒こしょう,少々
10002040,オリーブ油,大さじ2
10002040,キユーピーアンチョビーソース,大さじ1
10002041,まいたけ,1パック
10002041,ベビーリーフ,1パック
10002041,りんご,1/2個
10002041,鶏むね肉,1/2枚
10002041,塩,少々
10002041,こしょう,少々
10002041,サラダ油,適量
10002041,キユーピーレモンドレッシング,適量
10002041,サラダクラブミックスビーンズ　ひよこ豆／青えんどう／赤いんげん豆,1袋
10002042,キャベツ,1枚
10002042,きゅうり,1/2本
10002042,ツナ（缶詰）,1/2缶(35ｇ)
10002042,サラダクラブ和豆ミックス（国産）　青大豆／白いんげん豆／きんとき豆,1袋
10002042,キユーピーテイスティドレッシング　黒酢たまねぎ,大さじ2
10002044,エリンギ,2本
10002044,リーフレタス,2枚
10002044,白ぶどう,5粒（小）
10002044,ベーコン,60ｇ(ブロック）
10002044,サラダ油,適量
10002044,サラダクラブミックスビーンズ　ひよこ豆／青えんどう／赤いんげん豆,1袋
10002044,キユーピーシーザーサラダドレッシング,適量
10002049,トマト,1個
10002049,新玉ねぎ,1/2個
10002049,きゅうり,1/2本
10002049,キユーピーにんじんドレッシング,適量
2,するめいか(大・胴),１ぱい分
2,きゅうり,２本
2,サラダ油,大さじ１
2,すりごま(白),大さじ１
2,酢,大さじ１
2,キッコーマンいつでも新鮮しぼりたて生しょうゆ,大さじ1/2
2,マンジョウ米麹こだわり仕込み本みりん,大さじ１
2,ごま油,小さじ１
4,玉ねぎ,１個
4,デルモンテ・完熟ホールトマト（400g缶）,1/2缶
4,しょうが,１片
4,にんにく,１片
4,牛ひき肉,１００ｇ
4,サラダ油,大さじ２
4,キッコーマン特選丸大豆しょうゆ,小さじ２
4,カレー粉,小さじ１
4,塩,少々
5,うどん(冷凍),２玉
5,モロヘイヤ,1/2パック
5,長芋,３ｃｍ
5,納豆(小粒),１パック
5,もずく(味付け),１パック
5,温泉卵,２個
5,青じそ(せん切り),５枚分
5,みょうが(せん切り),１個分
5,キッコーマン濃いだし本つゆ,大さじ１と1/2
5,水,1/2カップ
6,豚もも肉(薄切り),２００ｇ
6,パプリカ(黄),1/2個
6,玉ねぎ,1/2個
6,ブロッコリー,1/3株
6,にんにく(薄切り),1/2片分
6,デルモンテ・完熟カットトマト（388ｇ紙パック）,1/2パック
6,デルモンテ・エキストラバージンオリーブオイル,大さじ１
6,バジル(乾燥),適宜
6,塩,少々
6,こしょう,少々
11,牛肉(切り落とし),１５０ｇ
11,たけのこ(水煮),７０ｇ
11,ねぎ,1/2本
11,キャベツ,１枚
11,ごま油,大さじ１と1/2
11,キッコーマン特選丸大豆しょうゆ,大さじ1/2
11,マンジョウ国産米こだわり仕込み料理の清酒,小さじ２
11,片栗粉,小さじ1/2
11,マンジョウ国産米こだわり仕込み料理の清酒,大さじ２
11,キッコーマン特選丸大豆しょうゆ,大さじ1/2
11,キッコーマンオイスターソース,小さじ２
11,砂糖,大さじ1/2
13,きゅうり,１本
13,塩,少々
13,豚ロース肉(薄切り),１５０ｇ
13,マンジョウ国産米こだわり仕込み料理の清酒,大さじ１
13,キッコーマンしぼりたて生ぽんず,大さじ２と1/2
13,キッコーマン豆板醤（トウバンジャン）,少々
13,練りごま(白),大さじ１
13,しょうが(みじん切り),１片分
13,ねぎ(みじん切り),５ｃｍ分
15,ビーフン,１００ｇ
15,牛ひき肉,１５０ｇ
15,にんじん,４ｃｍ
15,生しいたけ,４枚
15,玉ねぎ,1/2個
15,にら,1/2束
15,ごま油,大さじ３
15,パクチー,適宜
15,キッコーマン特選丸大豆しょうゆ,大さじ１と1/2
15,甜麺醤(テンメンジャン),大さじ１
15,鶏ガラスープ,２カップ
15,こしょう,少々
16,ごぼう,１００ｇ
16,牛肉(薄切り),９０ｇ
16,小麦粉,少々
16,サラダ油,大さじ1/2
16,キッコーマン特選丸大豆しょうゆ,大さじ１と1/3
16,マンジョウ米麹こだわり仕込み本みりん,大さじ１
16,マンジョウ国産米こだわり仕込み料理の清酒,大さじ１
16,砂糖,小さじ１
18,厚揚げ,1/2丁
18,にがうり(ゴーヤ),２００ｇ
18,サラダ油,大さじ１
18,塩,少々
18,しょうが(みじん切り),５ｇ
18,豚ひき肉,１５０ｇ
18,片栗粉(水溶き),小さじ２
18,鶏ガラスープ,１カップ
18,キッコーマン特選丸大豆しょうゆ,大さじ１と1/2
18,砂糖,小さじ１
19,あじ(３枚におろしたもの),４尾
19,ねぎ,1/2本
19,しょうが,１片
19,赤唐辛子,１本
19,オクラ,１袋
19,レモン(半月切り),1/2個
19,揚げ油,適量
19,小麦粉,適量
19,塩,少々
19,キッコーマン特選丸大豆しょうゆ,大さじ１と1/2
19,マンジョウ国産米こだわり仕込み料理の清酒,大さじ１
19,ごま油,大さじ１
20,米,２合
20,鶏むね肉,1/2枚
20,ごぼう,５０ｇ
20,にんじん,1/4本
20,ひじき(乾),２０ｇ
20,ごま油,大さじ１
20,青のり,適宜
20,キッコーマン特選丸大豆しょうゆ,大さじ１と1/2
20,マンジョウ濃厚熟成本みりん,大さじ１
21,豚ロース肉(ソテー用・４枚),４００ｇ
21,もやし,１袋
21,しめじ,１パック
21,にんじん,1/3本
21,サラダ油,大さじ２
21,キッコーマン特選丸大豆しょうゆ,大さじ１
21,キッコーマン特選丸大豆しょうゆ,大さじ１
21,塩,少々
21,こしょう,少々
21,マンジョウ国産米こだわり仕込み料理の清酒,大さじ１と1/2
21,マンジョウ濃厚熟成本みりん,大さじ１と1/2
25,鶏ひき肉,２００ｇ
25,にんじん,３０ｇ
25,玉ねぎ,1/4個
25,ねぎ,1/4本
25,大根(すりおろし),１５０ｇ
25,しょうが(すりおろし),適量
25,小麦粉,適量
25,ごま油,大さじ１
25,マンジョウ国産米こだわり仕込み料理の清酒,大さじ１
25,キッコーマン特選丸大豆しょうゆ,小さじ1/3
25,サニーレタス,適量
25,卵,1/2個
25,パン粉,1/4カップ
25,キッコーマン特選丸大豆しょうゆ,小さじ２
25,こしょう,少々
28,牛肉(焼き肉用),１００ｇ
28,ピーマン,３個
28,ねぎ,５ｃｍ
28,にんにく,1/2片
28,赤唐辛子,１本
28,サラダ油,大さじ２
28,甜麺醤(テンメンジャン),大さじ１と1/2
28,マンジョウ米麹こだわり仕込み本みりん,大さじ1/2
28,マンジョウ国産米こだわり仕込み料理の清酒,大さじ1/2
28,キッコーマン特選丸大豆しょうゆ,小さじ１
28,みそ,大さじ1/2
29,鶏もも肉,２００ｇ
29,玉ねぎ,１個
29,にんじん,1/2本
29,セロリ,1/2本
29,キャベツ,1/6個
29,パセリ,少々
29,塩,少々
29,こしょう,少々
29,デルモンテ・エキストラバージンオリーブオイル,大さじ１
29,マンズワイン（白）,1/2カップ
29,デルモンテ・完熟カットトマト（388ｇ紙パック）,1/2パック
29,洋風スープの素(固形),1/2個
29,ローリエ,１枚
29,キッコーマン特選丸大豆しょうゆ,小さじ１
30,いか(胴),２はい
30,玉ねぎ,1/2個
30,トマト,１個
30,セロリ(小),１本
30,バジル(フレッシュ),８枚
30,パセリ,少々
30,赤唐辛子,１本
30,キッコーマンいつでも新鮮しぼりたてうすくち生しょうゆ,大さじ１
30,デルモンテ・エキストラバージンオリーブオイル,1/2カップ
30,マンズワイン（白）,大さじ２
30,レモン(絞り汁),1/2個分
30,酢,大さじ４
30,塩,少々
30,こしょう,少々
32,豚ヒレ肉,２００ｇ
32,卵,１個
32,パセリ(みじん切り),少々
32,タイム(パウダー),少々
32,粉チーズ,大さじ１
32,サラダ油,大さじ１と1/2
32,にんじん,５０ｇ
32,ベビーリーフ,５０ｇ
32,キッコーマンしぼりたて生ぽんず,大さじ１
32,デルモンテ・完熟カットトマト（388ｇ紙パック）,1/2カップ
32,デルモンテ・エキストラバージンオリーブオイル,大さじ１
32,キッコーマン特選丸大豆しょうゆ,小さじ１
32,玉ねぎ(みじん切り),1/8個分
32,こしょう,少々
32,塩,少々
32,こしょう,少々
32,小麦粉,少々
34,そうめん,１５０ｇ
34,帆立貝柱(刺し身用),２個
34,長芋,２００ｇ
34,梅干し,１個
34,オクラ,２個
34,青じそ(細切り),少々
34,キッコーマン調製豆乳,１カップ
34,キッコーマンいつでも新鮮しぼりたて生しょうゆ,小さじ２
35,豚肉(薄切り),１００ｇ
35,なす,３個
35,しょうが(すりおろし),1/2片分
35,キッコーマンしぼりたて生ぽんず,大さじ２
36,めかじき(切り身),２切れ
36,塩,少々
36,黒こしょう,少々
36,小麦粉,適量
36,デルモンテ・エキストラバージンオリーブオイル,大さじ１
36,ベビーリーフ,1/2パック
36,レタス,２枚
36,トマト(１ｃｍ角に切ったもの),１個分
36,玉ねぎ(みじん切り),1/8個分
36,キッコーマンしぼりたて生ぽんず,大さじ２
38,鶏もも肉,２００ｇ
38,里芋,２００ｇ
38,にんじん,８０ｇ
38,さやいんげん,２本
38,にんにく(つぶす),1/2片
38,サラダ油,大さじ1/2
38,砂糖,大さじ１
38,キッコーマン特選丸大豆しょうゆ,大さじ１と1/2
38,キッコーマンオイスターソース,大さじ1/2
40,豚肩ロース肉(かたまり),２００ｇ
40,卵,１個
40,キャベツ,４枚
40,揚げ油,適量
40,にんにく(すりおろし),1/2片分
40,しょうが(しぼり汁),1/2片分
40,マンジョウ国産米こだわり仕込み料理の清酒,大さじ1/2
40,キッコーマン特選丸大豆しょうゆ,小さじ１
40,こしょう,少々
40,小麦粉,大さじ２
40,片栗粉,大さじ１
40,キッコーマン特選丸大豆しょうゆ,大さじ１
40,レモン,1/3個
40,砂糖,小さじ１
41,キャベツ,５０ｇ
41,油揚げ(２枚),４０ｇ
41,片栗粉,少々
41,キッコーマンしぼりたて生ぽんず,大さじ１
41,豚ひき肉,８０ｇ
41,玉ねぎ(みじん切り),大さじ３
41,にんじん(みじん切り),大さじ１
41,キッコーマン特選丸大豆しょうゆ,小さじ１
41,マンジョウ国産米こだわり仕込み料理の清酒,小さじ１
41,片栗粉,小さじ１
42,なす,３本
42,サラダ油,大さじ1/2
42,ピザ用チーズ,大さじ３
42,ねぎ,適宜
42,片栗粉,大さじ1/2
42,ねぎ(みじん切り),２．５ｃｍ
42,木綿豆腐(２ｃｍ角に切る),３００ｇ
42,ごま油,大さじ1/2
42,豚ひき肉,１５０ｇ
42,にんにく(みじん切り),１片分
42,しょうが(みじん切り),１片分
42,赤唐辛子(輪切り),１本分
42,キッコーマン特選丸大豆しょうゆ,大さじ２
42,マンジョウ米麹こだわり仕込み本みりん,大さじ２
42,マンジョウ国産米こだわり仕込み料理の清酒,大さじ２
42,かつおだし,１カップ
45,鶏もも肉(1枚),２８０ｇ
45,なす,２本
45,さやいんげん,６本
45,梅酒,大さじ４
45,キッコーマン特選丸大豆しょうゆ,大さじ１と1/2
45,サラダ油,大さじ1/2
46,カレー,３００ｇ
46,デルモンテ・完熟カットトマト（388ｇ紙パック）,1/2パック
46,ご飯(温かいもの),２杯分
46,卵,２個
46,ピザ用チーズ,５０ｇ
47,あじ,３尾
47,谷中しょうが,1/2束
47,しょうが,1/2片
47,ねぎ,５ｃｍ
47,青ねぎ,１本
47,塩,小さじ2/3
47,キッコーマン特選丸大豆しょうゆ,大さじ1/2
47,片栗粉,適量
47,サラダ油,適量
47,酢,大さじ２と1/2
47,砂糖,小さじ２
48,鶏むね肉,１００ｇ
48,パプリカ(赤),1/2個
48,パプリカ(黄),1/2個
48,デルモンテ・エキストラバージンオリーブオイル,大さじ1/2
48,塩,少々
48,こしょう,少々
48,マンジョウ国産米こだわり仕込み料理の清酒,大さじ1/2
48,片栗粉,小さじ1/2
48,鶏ガラスープ,1/4カップ
48,キッコーマンいつでも新鮮しぼりたて生しょうゆ,小さじ1/4
48,こしょう,少々
48,片栗粉,小さじ1/2
1,たけのこ　（ゆで）,１本（小）
1,ミツカン　プロが使う味　白だし,大さじ２
1,水,１カップ
1,わかめ　（もどしたもの）,４０ｇ
1,木の芽,適量
5,ご飯,３合分
5,ミツカン　すし酢昆布だし入り,大さじ６
5,鶏もも肉,１枚
5,卵,２個
5,ゆで卵,２個
5,貝割れ菜,適量
5,たまねぎ,適量
5,きゅうり,適量
5,リーフレタス,適量
5,焼のり,適量
6,たまねぎ,１／４個
6,にんじん,１／５本
6,きゅうり,１／３本
6,ミニトマト,４個
6,ミツカン　カンタン酢,１／２カップ
6,ミツカン　らっきょう酢,</span>
7,たまねぎ,１／４個
7,にんじん,１／５本
7,きゅうり,１／３本
7,ミニトマト,４個
7,ミツカン穀物酢,大さじ５
8,たまねぎ,１／４個
8,にんじん,１／５本
8,きゅうり,１／３本
8,春キャベツ,１／２枚
8,ミツカン　カンタン酢,１／２カップ
8,ミツカン　らっきょう酢,</span>
9,たまねぎ,１／４個
9,にんじん,１／５本
9,きゅうり,１／３本
9,春キャベツ,１／２枚
9,ミツカン穀物酢,大さじ５
10,たまねぎ,１／４個
10,にんじん,１／５本
10,きゅうり,１／３本
10,コーン缶　（ホール）,３０ｇ
10,ミツカン　カンタン酢,１／２カップ
10,ミツカン　らっきょう酢,</span>
13,たまねぎ,１／４個
13,にんじん,１／５本
13,きゅうり,１／３本
13,コーン缶　（ホール）,３０ｇ
13,ミツカン穀物酢,大さじ５
