,name
0,「AGFブレンディ」インスタントコーヒー
1,「AGFマキシム」インスタントコーヒー
2,「AJINOMOTOオリーブオイル」
3,「AJINOMOTOオリーブオイルエクストラバージン」
4,「AJINOMOTOカラッとフライオイル」
5,「AJINOMOTOごま油好きの純正ごま油」
6,「AJINOMOTOさらさらキャノーラ油」
7,「AJINOMOTOさらさらキャノーラ油健康プラス」
8,「AJINOMOTOサラダ油」
9,「AJINOMOTOべに花油」
10,「AJINOMOTO花椒油」
11,「AJINOMOTO健康サララ」
12,「AJINOMOTO大豆の油」
13,「AJINOMOTO大豆の油健康プラス」
14,「AJINOMOTO濃口ごま油」
15,「AJINOMOTO胚芽の恵みコーン油」
16,「BistroDo」なすのボロネーゼ風炒め用
17,「BistroDo」鶏ときのこのブラウンソース用
18,「BistroDo」鶏のガーリックトマト用
19,「BistroDo」鶏のトマトクリーム炒め煮用
20,「BistroDo」鶏のポルチーニクリーム用
21,「BistroDo」豚のガーリックソテー用
22,「BistroDo」豚のバルサミコソース用
23,「CookDo」あらびき肉入り黒麻婆豆腐用辛口
24,「CookDo」あらびき肉入り黒麻婆豆腐用中辛
25,「CookDo」あらびき肉入り赤麻婆豆腐用中辛
26,「CookDo」あらびき肉入り麻婆茄子用
27,「CookDo」あらびき肉入り麻婆豆腐用甘口
28,「CookDo」オイスターソース
29,「CookDo」ゴーヤチャンプルー用
30,「CookDo」コチュジャン
31,「CookDo」コチュジャン90ｇチューブ
32,「CookDo」トウチ醤
33,「CookDo」よだれ鶏用
34,「CookDo」回鍋肉用
35,「CookDo」干焼蝦仁用
36,「CookDo」広東式麻婆豆腐用
37,「CookDo」四川式回鍋肉用
38,「CookDo」四川式麻婆豆腐用
39,「CookDo」熟成豆板醤
40,「CookDo」熟成豆板醤チューブ
41,「CookDo」酢豚用
42,「CookDo」青椒肉絲用
43,「CookDo」甜麺醤
44,「CookDo」豚肉ともやしの四川香味炒め用
45,「CookDo」豚肉ともやしの甜醤炒め用
46,「CookDo」豚肉と玉ねぎの中華生姜焼き用
47,「CookDo」豚肉の黒酢炒め用
48,「CookDo」白菜のクリーム煮用
49,「CookDo」八宝菜用
50,「CookDo」棒棒鶏用
51,「CookDo」麻婆茄子用
52,「CookDoきょうの大皿」うま塩海老ブロッコリー用
53,「CookDoきょうの大皿」ガリバタ鶏用
54,「CookDoきょうの大皿」とろ卵豚キャベツ用
55,「CookDoきょうの大皿」鶏肉となすの甘酢炒め用
56,「CookDoきょうの大皿」厚揚げそぼろ煮用
57,「CookDoきょうの大皿」豚バラなす用
58,「CookDoきょうの大皿」豚バラピーマン用
59,「CookDoきょうの大皿」豚バラ大根用
60,「CookDoきょうの大皿」豚バラ白菜用
61,「CookDoきょうの大皿」肉そぼろ豆腐用
62,「CookDoきょうの大皿」肉みそキャベツ用
63,「CookDoきょうの大皿」肉みそ大根用
64,「CookDoコリア!」プルコギ用
65,「CookDoコリア!」豆腐チゲ用
66,「CookDo香味ペースト」
67,「CookDo香味ペースト」オイスター醤油味
68,「CookDo今夜は中華飯」広東風五目あんかけ飯用
69,「CookDo今夜は中華飯」四川風ピリ辛鶏飯用
70,「CookDo今夜は中華飯」上海風甘辛豚飯用
71,「CookDo炒ソース」上海オイスタ—醤油味
72,「KEMALK?KRER」Elma
73,「KEMALK?KRER」Uzum
74,「KEMALKUKRER」Elma
75,「KEMALKUKRER」Uzum
76,「Rumic」ホワイトクリームソース
77,「Rumic」ミートソース用
78,「YumYum」本格トムヤムクンクリーミーヌードル
79,「YumYum」本格トムヤムクンヌードル
80,「アジシオ」
81,「うま味だし
82,「お塩控えめの
83,「お肉やわらかの素」
84,「お肉やわらかの素」ガリバタ風チキン
85,「お肉やわらかの素」タンドリーチキン
86,「お肉やわらかの素」ハーブチキン
87,「お肉やわらかの素」バーベキューポーク
88,「クノール」ふんわりたまごスープ
89,「クノール」ほうれん草とベーコンのスープ
90,「クノール」中華スープ
91,「クノールSoupDo」ふかひれスープ用
92,「クノールSoupDo」ミネストローネ用
93,「クノールカップスープ」４種のチーズのとろ〜り濃厚ポタージュ
94,「クノールカップスープ」オニオンコンソメ
95,「クノールカップスープ」コーンクリーム
96,「クノールカップスープ」コーンクリーム塩分40％カット
97,「クノールカップスープ」チーズ仕立てのほうれん草のポタージュ
98,「クノールカップスープ」チキンコンソメ
99,「クノールカップスープ」つぶたっぷりコーンクリーム
100,「クノールカップスープ」ベーコンとポテトがたっぷりのポタージュ
101,「クノールカップスープ」ポタージュ
102,「クノールカップスープ」ポタージュ塩分40％カット
103,「クノールカップスープ」ミルク仕立てのきのこのポタージュ
104,「クノールカップスープ」完熟トマトまるごと1個分使ったポタージュ
105,「クノールカップスープ」牛乳でつくるえだ豆のポタージュ
106,「クノールカップスープ」牛乳でつくるコーンポタージュ
107,「クノールカップスープ」牛乳でつくるじゃがいものポタージュ
108,「クノールカップスープ」牛乳でつくる栗かぼちゃのポタージュ
109,「クノールカップスープ」栗かぼちゃのポタージュ
110,「クノールカップスープ」男爵いものポタージュ
111,「クノールカップスーププレミアム」クラムチャウダー
112,「クノールスープ」コーンクリーム
113,「クノールスープ」ポタージュ
114,「クノールたっぷり野菜のちゃんぽん風スープ」
115,「クノールたんぱく質がしっかり摂れるスープ」コーンクリーム
116,「クノールたんぱく質がしっかり摂れるスープ」ポタージュ
117,「クノールチキンコンソメ」
118,「クノールビーフコンソメ」
119,「クノールふんわりたまごスープ塩分30％カット」
120,「クノール海鮮チゲスープ」
121,「クノール中華スープ」コーンのスープ
122,「クノール贅沢野菜」完熟トマト
123,「クノール贅沢野菜」栗かぼちゃ
124,「スチーミー」スペアリブ用
125,「スチーミー」で作る豚チャーシュー
126,「スチーミー」鶏チャーシュー用
127,「スチーミー」鶏のうま煮用
128,「スチーミー」豚チャーシュー用
129,「スリムアップシュガー」
130,「パルスイート」
131,「パルスイートカロリーゼロ」
132,「パルスイート植物由来」
133,「ピュアセレクトコクうま65％カロリーカット」
134,「ピュアセレクトサラリア」
135,「ピュアセレクトマヨネーズ」
136,「ほんだし」
137,「ほんだし」8gスティック
138,「ほんだし」ジュレの材料
139,「ほんだし」小袋8ｇ
140,「ほんだしいりこだし」
141,「ほんだしいりこだし」8gスティック
142,「ほんだしかつおとこんぶのあわせだし」
143,「ほんだしこんぶだし」
144,「ほんだしこんぶだし」8gスティック
145,「ほんだし焼きあごだし」
146,「ほんだし焼きあごだし」8ｇスティック
147,「ほんだし濃厚だし」だしパック
148,「やさしお」
149,「やさしお」浅漬けの素
150,「ヤマキ　減塩だしつゆ」
151,「ヤマキめんつゆ」
152,「ヤマキ割烹白だし」
153,「ヤマキ徳一番かつおパック」
154,「ヤマキ徳一番花かつお」
155,「ヤマキ氷温熟成マイルド削り」
156,「丸鶏がらスープ」
157,「丸鶏がらスープ」\u0026lt;塩分ひかえめ\u0026gt;
158,「具たっぷり味噌汁」きのこ
159,「具たっぷり味噌汁」きのこ減塩
160,「具たっぷり味噌汁」ごぼうとお麩
161,「具たっぷり味噌汁」なす
162,「具たっぷり味噌汁」なす減塩
163,「具たっぷり味噌汁」ほうれん草
164,「具たっぷり味噌汁」ほうれん草減塩
165,「具たっぷり味噌汁」小松菜とねぎ
166,「具たっぷり味噌汁」豆腐
167,「具たっぷり味噌汁」豆腐減塩
168,「瀬戸のほんじお」
169,「瀬戸のほんじお」焼き塩
170,「鍋キューブ」うま辛キムチ
171,「鍋キューブ」カレー味
172,「鍋キューブ」ぽかぽか生姜みそ鍋
173,「鍋キューブ」まろやか豆乳鍋
174,「鍋キューブ」寄せ鍋しょうゆ
175,「鍋キューブ」鶏だし
176,「鍋キューブ」鯛と帆立の極みだし鍋
177,「鍋キューブ」濃厚白湯
178,「鍋キューブおでん本舗」あごだし醤油
179,「毎日カルシウム
180,「味の素KKおかゆ」玉子がゆ
181,「味の素KKおかゆ」玄米がゆ
182,「味の素KKおかゆ」小豆がゆ
183,「味の素KKおかゆ」梅がゆ
184,「味の素KKおかゆ」白がゆ
185,「味の素KKコンソメ」\u0026lt;塩分ひかえめ\u0026gt;
186,「味の素KKコンソメ」固形タイプ
187,「味の素KKコンソメ」顆粒タイプ
188,「味の素KKコンソメチキン」固形タイプ
189,「味の素KK干し貝柱スープ」
190,「味の素KK中華あじ」
191,「味ぽん」または「味ぽんＭＩＬＤ」をフライパンに回し入れて炒め合わせ、全体に味をなじませる。
192,CUPCOOK　しょうが焼
193,FreshStock牛肉おかず　ドミグラスソテー
194,FreshStock鶏むね肉の照り焼き　〜炭火焼き風〜
195,FreshStock鶏肉おかず　トマト＆ハーブソテー
196,FreshStock鶏肉おかず　味噌マヨソテー
197,FreshStock鮭の蒸し焼き　ガーリックソース
198,FreshStock鮭の蒸し焼き　トマトのソース
199,FreshStock鮭の蒸し焼き　バジルソース
200,FreshStock鮭の蒸し焼き　醤油マヨソース
201,FreshStock豚肉おかず　ガーリックマヨソテー
202,FreshStock豚肉おかず　黒酢たまねぎ炒め
203,ＨＯＢＯＴＡＭＡ　スクランブルエッグ風
204,ＨＯＢＯＴＡＭＡ　加熱用液卵風
205,ingredient
206,ＸＯ醤
207,アーティチョーク
208,アーモンド
209,アーモンドエッセンス
210,アーモンドスライス
211,アーモンドパウダー
212,アーモンドミルク
213,アイシング
214,アイスクリーム
215,アイスバイン
216,アイスプラント
217,あおさ
218,あおやぎ
219,あかいか
220,あごだし釜玉うどんつゆ
221,あさつき
222,あさり
223,あさりのゆで汁
224,あさりの蒸し汁
225,あさりの水煮
226,あさりの水煮缶
227,あさり缶の汁
228,あさり水煮
229,あじ
230,あじの下味
231,あじの干物
232,あじフライ
233,アジフライ
234,あじ三枚おろし
235,あずき
236,あずきあん
237,あずきのゆで汁
238,あずき水煮
239,あずき風味
240,アスパラガス
241,アスパラ菜
242,あっさり和風麻婆
243,あなご
244,あなごの蒲焼き
245,あぶら麩
246,アボカド
247,アボカド＆サーモン
248,アボカドディップ
249,あみ佃煮
250,あめ
251,アメリカンチェリー
252,アラザン
253,あらびきソーセージ
254,あられ
255,アルファルファ
256,アレンジ用
257,あわ
258,あわ麩
259,アヲハタ５５　３種のミックス
260,アヲハタ５５　アップル＆シナモン
261,アヲハタ５５　アンズ
262,アヲハタ５５　イチゴ
263,アヲハタ５５　イチジク
264,アヲハタ５５　オレンジママレード
265,アヲハタ５５　ブルーベリー
266,アヲハタ５５　リンゴ
267,アヲハタTraditional　オレンジママレード
268,アヲハタTraditional　ビターママレード
269,アヲハタカロリーハーフ　イチゴジャム
270,アヲハタカロリーハーフ　オレンジママレード
271,アヲハタカロリーハーフ　ブルーベリージャム
272,アヲハタピーナッツクリーム
273,アヲハタまるごと果実　あんず
274,アヲハタまるごと果実　いちご
275,アヲハタまるごと果実　いちじく
276,アヲハタまるごと果実　オレンジ
277,アヲハタまるごと果実　ブルーベリー
278,アヲハタまるごと果実　マンゴー
279,アヲハタまるごと果実　りんご
280,アヲハタまるごと果実　白桃
281,アヲハタ黒胡麻クリーム
282,アヲハタ塗るテリーヌ　広島県産牡蠣
283,アヲハタ塗るテリーヌ　国産チキンレバー
284,アヲハタ塗るテリーヌ　国産ビーフ
285,あん
286,あんかけ
287,あんきも
288,あんこう
289,あんずジャム
290,あんず缶
291,あんソース
292,アンチョビ
293,アンチョビー
294,アンチョビーフィレー
295,アンチョビーペースト
296,アンチョビペースト
297,アンチョビ缶
298,イースト
299,いいだこ
300,イエロートマト
301,いか
302,いかくん製
303,いかそうめん
304,いかなご
305,いかの塩辛
306,いかの下味
307,いかの煮汁
308,いかの天ぷら
309,イカリング
310,いか巻き
311,いか刺身用
312,いか小
313,イカ天
314,イギリスパン
315,いくら
316,イクラ
317,いくらしょうゆ漬け
318,いさき
319,イタリアンドレッシング
320,イタリアンハーブミックス
321,イタリアンパセリ
322,いちご
323,いちごジャム
324,いちごソース
325,いちじく
326,いなりの皮
327,いぶりがっこ
328,いもがら
329,いりごま
330,いり黒ごま
331,いり白ごま
332,いり卵
333,いわし
334,いわしかば焼き缶
335,いわしのつみれ
336,いわしの下味
337,いわしの丸干し
338,いわしの味つけ缶
339,いわし水煮
340,いわし水煮の缶汁
341,イングリッシュマフィン
342,いんげん
343,いんげんの肉巻き
344,いんげん豆
345,いんげん豆の水煮缶
346,インスタントコーヒー
347,インスタントラーメン
348,インスタント麺
349,ウイスキー
350,ウインナー
351,ウインナーソーセージ
352,ウインナソーセージ
353,うーめん
354,ウーロン茶
355,ウーロン茶の葉
356,ウエハース
357,ヴェルデイチゴ＆バター風味クリーム
358,ヴェルデガーリックトーストスプレッド
359,ヴェルデシュガーバタートーストスプレッド
360,ヴェルデチョコ＆ピーナッツ
361,ヴェルデチョコホイップ
362,ヴェルデはちみつオリゴ＆バター風味クリーム
363,ヴェルデピーナッツホイップ
364,ヴェルデブラック＆ホワイト
365,ヴェルデ濃い抹茶
366,ヴェルデ明太フランス風トーストスプレッド
367,ウォッカ
368,うすいえんどう
369,うすくちしょうゆ
370,ウスターソース
371,うずらとオリーブ、きゅうり
372,うずらの卵
373,うすらの卵とウインナーのベーコン巻き
374,うずらの卵とほうれん草の醤油漬け
375,うずらの卵の水煮
376,うずらの卵の水煮缶
377,うずら卵
378,うずら卵の煮汁
379,うずら卵水煮
380,うす口しょうゆ
381,うす揚げ
382,うち豆
383,うつぼ
384,うど
385,うどとたらの芽のころも
386,うどん
387,うどんつゆ
388,うどんのかけつゆ
389,うなぎ
390,うなぎのかば焼き
391,うなぎの蒲焼き
392,うなぎの白焼き
393,うに
394,うまみ調味料
395,うま味調味料「味の素?」
396,うま味調味料「味の素?」70g瓶
397,ｴｸｽﾄﾗﾊﾞｰｼﾞﾝｵﾘｰﾌﾞｵｲﾙ
398,エシャロット
399,エックスオー醤
400,エディブルフラワー
401,エネルギー
402,えのきたけ
403,えのきだけ
404,えのきのしょうゆ煮　大さじ３使用
405,エバミルク
406,えび
407,エビアボカド
408,えびいも
409,えびギョウザの具
410,えびしゅうまい
411,えびせんべい
412,えびだんご
413,えびつくね
414,エビニラ香味焼きそば
415,えびのすり身
416,えびの下味
417,えびの煮汁
418,えびの天ぷら
419,えびフライ
420,エビフライ
421,えびめん
422,えび生春巻き
423,えび団子
424,エリンギ
425,エンダイブ
426,えんどう豆
427,オイスターソース
428,オイルサーディン
429,オイルサーディン缶
430,オートミール
431,オープンサンド
432,オールスパイス
433,オーロラアボカド
434,オーロラソース
435,オーロラタマゴサラダ
436,おかか昆布
437,おかずｽｰﾌﾟの素　キムチチゲ
438,おかひじき
439,おから
440,おからバーグのたね
441,おきりこみ材料
442,オクラ
443,おこげせんべい
444,オススメ〆
445,オタフク　お好みソース
446,オタフク　お好みソース糖類７０％オフ
447,オタフク　お好み焼こだわりセット
448,おでんだね
449,おでんつゆ
450,おでんのじゃがいも
451,おでんのつゆ
452,おでんの玉子
453,おでん種
454,おにぎり
455,おひとてま。よだれ鶏
456,おひとてま。小悪魔チキン
457,おぼろ昆布
458,おぼろ豆腐
459,おむすび山　焼きおにぎり
460,おむすび山　焼きたらこ
461,オムレツ
462,オリーブ
463,オリーブオイル
464,オリーブのくも
465,オリーブピクルス
466,オリーブ辛子しょうゆ
467,オリーブ油
468,オレガノ
469,オレンジ
470,オレンジ100％ジュース
471,オレンジ100%ジュース
472,オレンジキュラソー
473,オレンジジュース
474,オレンジのしぼり汁
475,オレンジの皮
476,オレンジパプリカ
477,オレンジピール
478,オレンジマーマレード
479,オレンジ果汁
480,オレンジ風味の生チョコレート
481,おろししょうが
482,おろしにんにく
483,おろしポン酢
484,おろしわさび
485,おろし玉ねぎ
486,おろし長いも
487,お花のケチャチーズ炒め
488,お絵かきクッキー
489,お好みで
490,お好みのおかず
491,お好みのおさかなだんご
492,お好みのおむすび山R
493,お好みのお刺身
494,お好みのカットフルーツ
495,お好みのきのこ
496,お好みのサラダ
497,お好みのしゃぶたれ
498,お好みのソース
499,お好みのたれ
500,お好みのデザート
501,お好みのトッピングで
502,お好みのドライフルーツ
503,お好みのフルーツ
504,お好みのぽん酢
505,お好みの具材
506,お好みの香味野菜
507,お好みの手巻きネタ
508,お好みの酢
509,お好みの漬物
510,お好みの肉
511,お好みの納豆
512,お好みの付け合わせ
513,お好みの野菜
514,お好みの薬味
515,お好み焼き
516,お好み焼きソース
517,お好み焼きの粉
518,お好み焼き生地
519,お好み焼き粉
520,お好み焼粉
521,お茶
522,お茶漬けの素
523,お父さんの顔
524,カー
525,ガーリックオイル
526,ガーリックパウダー
527,ガーリックバター
528,ガーリックペッパードレッシング
529,カイエンペッパー
530,かき
531,かきのゆで汁
532,かきの下味
533,かきフライ
534,かき菜
535,かき氷
536,かき氷シロップ
537,かき揚げ
538,カクテルソース
539,かけつゆ
540,かけ汁
541,ｶｺﾞﾒ　基本のトマトソース
542,ｶｺﾞﾒ　野菜生活100オリジナル
543,かさご
544,かじき
545,かじきまぐろ
546,かじきまぐろの下味
547,カシューナッツ
548,カスタードクリーム
549,カスタードプリン
550,カステラ
551,かずのこ
552,かたくちいわし
553,かた焼きそばめん
554,かつお
555,かつおだし
556,かつおのたたき
557,かつおの下味
558,かつお節
559,カッテージチーズ
560,カットサラダ
561,カットトマト
562,カットトマト缶
563,カットパイン
564,カットわかめ
565,カット野菜
566,カッペリーニ
567,かに
568,かにあん
569,かにかま
570,かにたま
571,かにの身
572,かにの足
573,かにの足　しゃぶしゃぶ用
574,かにほぐし身
575,かにむき身
576,かに缶
577,かに缶の汁
578,かに玉
579,かに風味かまぼこ
580,かに棒肉
581,かば焼きのたれ
582,カピ
583,かぶ
584,かぶとトマトのだししみおでんのつゆ
585,かぶとトマトのだししみおでんの具
586,かぶなめこ
587,かぶの甘酢漬け
588,かぶの茎
589,かぶの漬物
590,かぶの葉
591,かぶの葉とじゃこ炒め
592,かぶ漬け
593,かぼす
594,かぼすの果汁
595,かぼちゃ
596,かぼちゃオムレツ
597,かぼちゃのオリーブソテー
598,かぼちゃのお化け
599,かぼちゃのたね
600,かぼちゃの煮物
601,かぼちゃの種
602,かますの干物
603,かまぼこ
604,カマンベールチーズ
605,ガムシロップ
606,カラーチョコ
607,カラーピーマン
608,からし
609,からしじょうゆだれ
610,からしバター
611,からし菜
612,からし醤油
613,からし明太子
614,ガラムマサラ
615,カラメル
616,カラメルソース
617,から揚げ
618,カリカリ梅
619,ガリバタ鶏
620,カリフラワー
621,カルグクス
622,カルダモン
623,カルパッチョ用ソース
624,カルピス
625,かれい
626,カレー
627,カレーカリフラワーのピクルス
628,カレーたまねぎのピクルス
629,カレールウ
630,カレールー
631,カレー焼うどん
632,カレー肉そぼろ1/3量を使用
633,カレー風味ジャーマンポテト
634,カレー粉
635,ガレット生地
636,かんずり
637,カンタンリンゴ酢
638,カンタン三杯酢
639,カンパーニュ
640,かんぱち
641,かんぱん
642,かんぴょう
643,がんもどき
644,キーマビーンズ
645,キウイ
646,キウイフルーツ
647,きくらげ
648,きざみしょうがの酢漬け
649,きざみにんにく
650,きざみのり
651,きざみ昆布
652,きしめん
653,きす
654,ｷｯｺｰﾏﾝうちのごはん　きんぴらそぼろ春雨
655,キッコーマン　サクサクしょうゆ
656,キッコーマン　香る十穀
657,キッコーマンＰｌｕｓ鍋　スンドゥブチゲスープ
658,キッコーマンいつでも新鮮　あごだししょうゆ
659,キッコーマンいつでも新鮮　だし贅沢めんみ
660,キッコーマンいつでも新鮮　塩分ひかえめ丸大豆生しょうゆ
661,キッコーマンいつでも新鮮　旨みあふれる牡蠣しょうゆ
662,キッコーマンいつでも新鮮　特選丸大豆減塩しょうゆ
663,キッコーマンいつでも新鮮　料理人直伝　極みつゆ
664,キッコーマンいつでも新鮮　料理人直伝　極み白だし
665,キッコーマンいつでも新鮮えんどうまめしょうゆ
666,キッコーマンいつでも新鮮おさしみ生しょうゆ
667,キッコーマンいつでも新鮮しぼりたてうすくち生しょうゆ
668,キッコーマンいつでも新鮮しぼりたて生しょうゆ
669,キッコーマンいつでも新鮮九州うまくちまろやかしょうゆ
670,キッコーマンいつでも新鮮削りたてかつお節香るしょうゆ
671,キッコーマンいつでも新鮮旨み広がるだししょうゆ
672,キッコーマンいつでも新鮮旨み豊かな昆布しょうゆ
673,キッコーマンいつでも新鮮大豆ペプチド減塩しょうゆ
674,キッコーマンいつでも新鮮超減塩しょうゆ　食塩分66％カット
675,キッコーマンいつでも新鮮超特選極旨しょうゆ
676,キッコーマンいつでも新鮮味わいリッチ減塩しょうゆ
677,キッコーマンうすくちしょうゆ
678,キッコーマンうちのごはん　あんかけ塩もやし
679,キッコーマンうちのごはん　キャベツのガリバタ醤油炒め
680,キッコーマンうちのごはん　キャベツのごま味噌炒め
681,キッコーマンうちのごはん　きんぴらそぼろ春雨
682,キッコーマンうちのごはん　ゴーヤのにんにく味噌炒め
683,キッコーマンうちのごはん　コク旨トマトふっくらチキン
684,キッコーマンうちのごはん　ジャーマンポテト
685,キッコーマンうちのごはん　じゃがなす鶏テリヤキ
686,キッコーマンうちのごはん　じゃが豚の甘辛てり煮
687,キッコーマンうちのごはん　すきやき肉豆腐
688,キッコーマンうちのごはん　スペアリブ風ジューシー豚バラ
689,キッコーマンうちのごはん　だししみ鶏大根
690,キッコーマンうちのごはん　とうもろこしごはん
691,キッコーマンうちのごはん　なすのみぞれ炒め
692,キッコーマンうちのごはん　なすの肉みそ炒め
693,キッコーマンうちのごはん　ふんわり卵の豚バラガーリック
694,キッコーマンうちのごはん　まろやか白湯　鶏キャベツ
695,キッコーマンうちのごはん　もちもち赤飯
696,キッコーマンうちのごはん　もやしのにんにく醤油炒め
697,キッコーマンうちのごはん　もやしのねぎ味噌炒め
698,キッコーマンうちのごはん　やみつきガーリックふっくらチキン
699,キッコーマンうちのごはん　レンジにおまかせ　野菜をたべるちゃんぽんの素
700,キッコーマンうちのごはん　牛ガーリック飯
701,キッコーマンうちのごはん　鶏そぼろ甘辛しょうゆ味
702,キッコーマンうちのごはん　鶏ももピーマンオイマヨ炒め
703,キッコーマンうちのごはん　鶏大根　甘辛てり煮
704,キッコーマンうちのごはん　五目ごはん旨だし仕立て
705,キッコーマンうちのごはん　厚揚げそぼろあん　ごまみそ仕立て
706,キッコーマンうちのごはん　厚揚げのみぞれ煮
707,キッコーマンうちのごはん　香味ねぎだれふっくらチキン
708,キッコーマンうちのごはん　豚じゃが　うまみ広がる特製しょうゆ仕立て
709,キッコーマンうちのごはん　豚と白菜のシャキみそ炒め
710,キッコーマンうちのごはん　豚バラなすのスタミナ炒め
711,キッコーマンうちのごはん　豚バラ大根のバター醤油炒め
712,キッコーマンうちのごはん　豚大根のてりうま炒め
713,キッコーマンうちのごはん　濃厚デミチーズふっくらチキン
714,キッコーマンうちのごはん　白菜のうま煮
715,キッコーマンうちのごはん　帆立だし香る豚白菜炒め
716,キッコーマンうちのごはん　和風オムレツ
717,キッコーマンうちのごはんビビンバ　コチュジャンとごま油の風味
718,キッコーマンうちのごはんブリの香り揚げ風　和風にんにくマヨソース
719,キッコーマンウルトラソース　ごちそう食感
720,キッコーマンウルトラソース　至福の味わい
721,キッコーマンおいしい無調整豆乳
722,キッコーマンオイスターソース
723,キッコーマンおろししょうゆ
724,キッコーマンこいくちしょうゆ
725,キッコーマンしぼりたて生ぽんず
726,キッコーマンステーキしょうゆ　あらびきおろし
727,キッコーマンステーキしょうゆ　オニオン＆ガーリック
728,キッコーマンステーキしょうゆ　じっくり炒めたたまねぎ風味
729,キッコーマンステーキしょうゆ　にんにく風味
730,キッコーマンステーキしょうゆ　粉末しょうゆ＆スパイス
731,キッコーマンデリシャスソースウスター
732,キッコーマンデリシャスソースとんかつ
733,キッコーマンデリシャスソース中濃
734,キッコーマンてりやきのたれ
735,キッコーマントンテキのたれ
736,キッコーマンネオ玄米
737,キッコーマンパウダーしょうゆ　しょうゆ味
738,キッコーマンパウダーしょうゆ　わさび風味
739,キッコーマンめんみ
740,キッコーマンやわらかジューシーお肉漬け込みの素
741,キッコーマンわが家はすき焼屋さん　熟成仕込割下
742,キッコーマンわが家は焼肉屋さん　甘口
743,キッコーマンわが家は焼肉屋さん　香味野菜たっぷり塩だれ
744,キッコーマンわが家は焼肉屋さん　旨辛
745,キッコーマンわが家は焼肉屋さん　焦がしにんにく
746,キッコーマンわが家は焼肉屋さん　中辛
747,キッコーマンわが家は焼肉屋さん　濃厚だれ
748,キッコーマン具鍋　キムチ鍋
749,キッコーマン具鍋　ねぎ塩鍋
750,キッコーマン具鍋　丸鶏だし鍋
751,キッコーマン具麺　ごま肉味噌
752,キッコーマン具麺　ゆずぶっかけ
753,キッコーマン具麺　韓国ビビン麺風
754,キッコーマン具麺　牛だし肉ぶっかけ
755,キッコーマン具麺　汁なし担々麺風
756,キッコーマン具麺　台湾まぜそば風
757,キッコーマン具麺　明太子まぜうどん
758,キッコーマン具麺　和風おろし
759,キッコーマン鶏ガラスープ
760,キッコーマン五穀で健康
761,キッコーマン香る一番だし　ざるそばつゆ
762,キッコーマン香る一番だし　そうめんつゆ
763,キッコーマン高級ぽんず柚子
764,キッコーマン旨みひろがる　香り白だし
765,キッコーマン生姜焼のたれ
766,キッコーマン大豆麺　かきたまチゲ風
767,キッコーマン大豆麺　香る生姜かきたま
768,キッコーマン大豆麺　汁なし担々麺風
769,キッコーマン大豆麺　濃厚ボロネーゼ
770,キッコーマン調製豆乳
771,キッコーマン超おろしのたれ
772,キッコーマン超焼肉のたれ　甘口
773,キッコーマン超焼肉のたれ　中辛
774,キッコーマン超生姜焼のたれ
775,キッコーマン豆乳おからパウダー
776,キッコーマン豆乳しゃぶしゃぶ　香る柚子
777,キッコーマン豆乳飲料抹茶
778,キッコーマン豆板醤
779,キッコーマン特選丸大豆しょうゆ
780,キッコーマン特選丸大豆減塩しょうゆ
781,キッコーマン日本の穀物　もちもち五穀
782,キッコーマン日本の穀物　香る十穀
783,キッコーマン濃いだし本つゆ
784,キッコーマン濃厚豆乳鍋つゆ　まろやか担々
785,キッコーマン濃厚豆乳鍋つゆ　香る鰹だし
786,キッコーマン発酵だし　ごまだれつゆ
787,キッコーマン発酵だし　だし極旨つゆ
788,キッコーマン発酵だし　素麺つゆ
789,キッコーマン芳醇まろやか醤油
790,キッコーマン蜂蜜柚子酢
791,キッコーマン本つゆ
792,キッコーマン本つゆ　塩分
793,キッコーマン本つゆ　香り白だし
794,キッコーマン柚子の香り　ゆずか
795,キドニービーンズ
796,キドニービーンズ缶
797,きな粉
798,きな粉風味
799,キヌア
800,きのこ
801,きのこあん
802,きのこのピクルス
803,きのこミックス野菜　炒め用
804,きび
805,きびなご
806,キムチ
807,キムチの素
808,キャビア
809,キャベツ
810,キャベツとウィンナーのロールパンサンド
811,キャベツのせん切り
812,キャベツ玉子寿司
813,キャラウェイシード
814,キャラメル
815,キャラメルソース
816,キャラメルチョコクランチ
817,キャロットジュース
818,キャロットライス
819,キャロットラペ
820,キャンディーチーズ
821,キユーピー１０００アイランドドレッシング
822,キユーピー３分クッキングからし和え用
823,キユーピー３分クッキングキャベツと鶏肉の蒸し煮用ソース　レモン香る塩麹味
824,キユーピー３分クッキングキャベツと鮭の蒸し煮用ソース　ハーブ＆ガーリック味
825,キユーピー３分クッキングごま和え用
826,キユーピー３分クッキングナムル用
827,キユーピー３分クッキングパスタを手作りオイルソース　ガーリック＆赤とうがらし
828,キユーピー３分クッキングパスタを手作りオイルソース　しょうゆ＆ペパー
829,キユーピー３分クッキングパスタを手作りオイルソース　バター醤油＆ガーリック
830,キユーピー３分クッキングピーナッツ和え用
831,キユーピー３分クッキングブロッコリーと鶏肉の蒸し煮用ソース　アンチョビーガーリック味
832,キユーピー３分クッキングマリネ用
833,キユーピー３分クッキング小松菜と豚肉の蒸し煮用ソース　ゆず香るかつおだし味
834,キユーピー３分クッキング野菜をたべよう！　チャウダーの素
835,キユーピー３分クッキング野菜をたべよう！　ミネストローネの素
836,キユーピー３分クッキング野菜をたべよう！　和風スープの素
837,キユーピー３分クッキング炒めてパラッと！チャーハンの素
838,キユーピーＩｔａｌｉａｎｔｅ　バジルソース
839,キユーピーItalianteガーリックソース
840,キユーピーあえるパスタソース　ウニクリーム　生クリーム仕立て
841,キユーピーあえるパスタソース　カニのトマトクリーム　マスカルポーネ仕立て
842,キユーピーあえるパスタソース　からし明太子
843,キユーピーあえるパスタソース　カルボナーラ濃厚チーズ仕立て
844,キユーピーあえるパスタソース　きのこバター醤油　鶏肉の和風仕立て
845,キユーピーあえるパスタソース　だし香る釜玉風
846,キユーピーあえるパスタソース　だし香る納豆
847,キユーピーあえるパスタソース　だし香る和風カルボナーラ
848,キユーピーあえるパスタソース　たらこ
849,キユーピーあえるパスタソース　ツナマヨ
850,キユーピーあえるパスタソース　バジル
851,キユーピーあえるパスタソース　ペペロンチーノ
852,キユーピーあえるパスタソース　ボンゴレビアンコ　白ワイン仕立て
853,キユーピーあえるパスタソース　ミートソース　フォン
854,キユーピーあえるパスタソース　ミートソース　完熟トマト仕立て
855,キユーピーあえるパスタソース　香ばしバター醤油
856,キユーピーあえるパスタソース　香ばし海老のペペロンチーノ
857,キユーピーあえるパスタソース　焦がしねぎ塩
858,キユーピーあえるパスタソース　明太マヨ
859,キユーピーあえるパスタソース　和風きのこ　バター醤油仕立て
860,キユーピーあえるパスタソース　和風とりそぼろ
861,キユーピーあえるパスタソース　炙りたらこ
862,キユーピーアマニ油マヨネーズ
863,キユーピーアマニ油入りイタリアンドレッシング
864,キユーピーアマニ油入り和風ドレッシング
865,キユーピーあらびきマスタード
866,キユーピーアンチョビーソース
867,キユーピーイタリアンドレッシング
868,キユーピーエッグケア
869,キユーピーオリーブオイル＆オニオンドレッシング
870,キユーピーからしマヨネーズ
871,キユーピーカルボナーラなめらかチーズ仕立て
872,キユーピークリーミィ野菜ドレッシング
873,キユーピーコールスロードレッシング
874,キユーピーコブサラダドレッシング
875,キユーピーごまドレッシング
876,キユーピーごま油＆ガーリックドレッシング
877,キユーピーサラダソルト　バジル＆オレガノＭＩＸ
878,キユーピーサラダソルト　レモン＆オレンジＭＩＸ
879,キユーピーサンドイッチスプレッド
880,キユーピーシーザーサラダドレッシング
881,キユーピーすりおろしオニオンドレッシング
882,キユーピーゼロノンコレステロール
883,キユーピーたらこクリームなめらかクリーム仕立て
884,キユーピータルタルソース
885,キユーピーチョレギサラダドレッシング
886,キユーピーテイスティドレッシング　イタリアン
887,キユーピーテイスティドレッシング　オニオンクリーミィ
888,キユーピーテイスティドレッシング　トマト＆ガーリック
889,キユーピーテイスティドレッシング　バジル＆チーズ
890,キユーピーテイスティドレッシング　胡麻
891,キユーピーテイスティドレッシング　黒酢たまねぎ
892,キユーピーテイスティドレッシング　和風香味たまねぎ
893,キユーピーディップソース　バーニャカウダ味
894,キユーピーディフェ
895,キユーピーにんじんドレッシング
896,キユーピーのたまご　とろ〜り半熟たまご
897,キユーピーのたまごつぶしてつくろうたまごサラダ
898,キユーピーのたまごつぶしてつくろうたまごのタルタル
899,キユーピーのたまごつぶしてつくろうポテトサラダ
900,キユーピーノンオイルきざみ玉ねぎ
901,キユーピーノンオイルごまと香味野菜
902,キユーピーノンオイルゆず
903,キユーピーノンオイル青じそ
904,キユーピーノンオイル梅づくし
905,キユーピーノンオイル和風ごま
906,キユーピーハーフ
907,キユーピーフィッテ
908,キユーピーフレンチドレッシング
909,キユーピーペイザンヌサラダドレッシング
910,キユーピーホットドッグ用マスタード
911,キユーピーマヨネーズ
912,キユーピーミートソース　フォン
913,キユーピーライト
914,キユーピーレシピひろがるパスタソース　トマトクリーム　オマール海老のアメリケーヌ仕立て
915,キユーピーレシピひろがるパスタソース　ドミグラストマト　フォン
916,キユーピーレモンドレッシング
917,キユーピー具だくさんタルタル
918,キユーピー元気な骨
919,キユーピー黒酢たまねぎドレッシング
920,キユーピー熟成素材のごまドレッシング
921,キユーピー熟成素材のチーズドレッシング
922,キユーピー熟成素材の和風ドレッシング
923,キユーピー深煎りごまドレッシング
924,キユーピー深煎りごまゆずテイストドレッシング
925,キユーピー中華ドレッシング
926,キユーピー野菜もお肉もこれ１本　ねぎ塩レモンドレッシング
927,キユーピー野菜もお肉もこれ１本　和風たまねぎドレッシング
928,キユーピー卵を味わうマヨネーズ
929,キユーピー和風醤油ごま入ドレッシング
930,キユーピー和風醤油ドレッシング　黒酢入り
931,キユーピー燻製マヨネーズ
932,キューブサラダ
933,きゅうり
934,きゅうり＆人参＆セロリのピクルス
935,きゅうりのピクルス
936,きゅうりの浅漬け
937,ギョウザ
938,ぎょうざ
939,ぎょうざの皮
940,ギョウザの皮
941,ギョーザ
942,ギリシャヨーグルト
943,きりたんぽ
944,キルシュ
945,きんかん
946,きんき
947,キングサーモン
948,ぎんなん
949,ぎんなんの水煮缶
950,きんぴらごぼう
951,きんぴら用カット野菜
952,きんめだい
953,きんめ鯛
954,クーベルチュールチョコレート
955,くこの実
956,クコの実
957,くずきり
958,クスクス
959,くずもち
960,くず粉
961,くちなし
962,くちなしの実
963,クッキー
964,クッキークランチ
965,クミン
966,クミンシード
967,クミンパウダー
968,くらげ
969,グラタンアレンジ
970,クラッカー
971,グラニュー糖
972,グラノーラ
973,グラノーラシリアル
974,グラハムクラッカー
975,グラハムビスケット
976,グラハム生地
977,クランベリー
978,クランベリーソース
979,くり
980,クリーム
981,クリームコーン缶
982,クリームコロッケ
983,クリームサンドココアクッキー
984,クリームシチュー
985,クリームシチューの素
986,クリームソース
987,クリームチーズ
988,クリームチーズのハーブディップ
989,クリームチーズの生ハム添え　キウイソース
990,グリーンアスパラガス
991,グリーンオリーブ
992,グリーンカール
993,グリーンカールレタス
994,グリーンカレーペースト
995,グリーンピース
996,グリーンボール
997,グリーンリーフ
998,グリエールチーズ
999,グリッシーニ
1000,グリュイエールチーズ
1001,グリンピース
1002,グリンピース缶
1003,グリンピース水煮缶
1004,クルトン
1005,くるみ
1006,グレープジュース
1007,クレープの生地
1008,グレープフルーツ
1009,グレープフルーツジュース
1010,グレープフルーツ果汁
1011,クレープ生地
1012,クレソン
1013,クローブ
1014,クロワッサン
1015,くわい
1016,ケイパー
1017,ケーキミックス
1018,ケーキ生地
1019,ケール
1020,けしの実
1021,ケチャップライス
1022,ケッパー
1023,こいくちしょうゆ
1024,ゴーダチーズ
1025,コーヒー
1026,コーヒーリキュール
1027,コーヒー豆
1028,ゴーヤ
1029,ゴーヤー
1030,ゴーヤと炒り玉子のうま塩豚汁
1031,コーラ
1032,コールスローサラダ
1033,ゴールドキウイ
1034,コールラビ
1035,コーン
1036,コーンスターチ
1037,コーンチップス
1038,コーンのつくね
1039,コーンバターライス
1040,コーンフレーク
1041,コーンミール
1042,コーン缶
1043,ココア
1044,ココアスノーボール
1045,ココアパウダー
1046,ココアほろほろクッキー
1047,ココナッツパウダー
1048,ココナッツファイン
1049,ココナッツフレーク
1050,ココナッツミルク
1051,ココナッツミルクパウダー
1052,ココナッツミルク缶
1053,ココナッツリキュール
1054,ココナッツロング
1055,こごみ
1056,こしあん
1057,こしょう
1058,こち
1059,ごちそうポテトサラダ
1060,コチュジャン
1061,コチﾕジャン
1062,コッペパン
1063,コニャック
1064,ごぼう
1065,ごぼうのころも
1066,ごぼう巻
1067,ごぼう巻き
1068,ごま
1069,ごましお
1070,ごまソース
1071,ごまだれ
1072,ごまドレッシング
1073,ごまめ
1074,ごまレモンだれ
1075,ごま衣
1076,ごま黒酢だれ
1077,ごま焼き海老
1078,ごま酢
1079,ごま酢だれ
1080,ごま油
1081,コリアンダー
1082,コリアンダーシード
1083,ゴルゴンゾーラチーズ
1084,コロコロ野菜のピクルス
1085,コロッケ
1086,ころも
1087,ころもの材料
1088,コンキリエ
1089,コンソメ
1090,コンソメジュレの材料
1091,コンソメチキン
1092,コンデンスミルク
1093,こんにゃく
1094,コンビーフ
1095,コンビーフ缶
1096,ご飯
1097,ご飯、好みのおかず
1098,ザーサイ
1099,サーモン
1100,サーモンバジル
1101,サーモンピンクソース
1102,サイダー
1103,さきいか
1104,ザクザクうま辛ラー油だれ
1105,サクサクパン粉
1106,さくらんぼ
1107,さくらんぼ缶
1108,さけ
1109,さけのアラ
1110,さけフレーク
1111,さけ缶
1112,さごし
1113,ささげ
1114,ささ身巻き
1115,さつまいも
1116,さつま揚げ
1117,さといも
1118,サニーレタス
1119,さば
1120,さばのみそ煮
1121,さばの下準備用の調味料
1122,さばの下味
1123,さばの醤油煮缶
1124,さばの漬け汁
1125,さばみそ煮
1126,さばみそ煮缶
1127,サバ缶
1128,さば三枚おろし
1129,さば水煮
1130,さば水煮缶
1131,サフラン
1132,サフランライス
1133,サムギョプサル
1134,さめ
1135,さやいんげん
1136,さやえんどう
1137,さより
1138,さらしあん
1139,さらしねぎ
1140,サラダクラブ　１０品目のサラダ　レタスやパプリカ
1141,サラダクラブ　１０品目のサラダ　水菜や大根
1142,サラダクラブ　ＳｅｌｅｃｔＳＡＬＡＤ緑黄色野菜ミックス
1143,サラダクラブ　お家で作るごちそうサラダ　シーザーサラダ用
1144,サラダクラブ　お家で作るごちそうサラダ　和風サラダ用
1145,サラダクラブ　サラダのごちそうトッピング　キヌアミックス
1146,サラダクラブ　ミックスサラダ
1147,サラダクラブ　千切りキャベツ
1148,サラダクラブ　千切りキャベツビッグパック
1149,サラダクラブ１０種ミックス
1150,サラダクラブ３色のベジクルトン
1151,サラダクラブうずら卵水煮
1152,サラダクラブガルバンゾ
1153,サラダクラブクルトン
1154,サラダクラブチキンささみ
1155,サラダクラブピクルス
1156,サラダクラブフライドオニオン
1157,サラダクラブフライドガーリック
1158,サラダクラブブラックオリーブ
1159,サラダクラブマッシュルーム
1160,サラダクラブミックスビーンズ　ひよこ豆／青えんどう／赤いんげん豆
1161,サラダクラブもち麦ミックス
1162,サラダクラブヤングコーン
1163,サラダクラブライトツナ
1164,サラダクラブレッドキドニー
1165,サラダクラブ大豆ミートミックス
1166,サラダクラブ北海道コーン
1167,サラダクラブ北海道大豆
1168,サラダクラブ和豆ミックス
1169,サラダチキン
1170,サラダチキン風鶏ハム
1171,サラダほうれんそう
1172,サラダほうれん草
1173,サラダ菜
1174,サラダ菜ミックス
1175,サラダ油
1176,サラダ用スパゲッティ
1177,サラダ用スパゲティ
1178,サラダ用ミックスハーブ
1179,サラミ
1180,サラミソーセージ
1181,ざらめ
1182,サルタナレーズン
1183,ザル豆腐
1184,ざる豆腐
1185,ザワークラウト
1186,サワークリーム
1187,サワークリームのたれ
1188,さわら
1189,さわらの下味
1190,サンキスト　１００％レモン
1191,さんしょう
1192,サンチュ
1193,サンドイッチ用食パン
1194,さんま
1195,さんま　かば焼き
1196,さんまかば焼き缶
1197,さんまの下味
1198,さんま缶詰
1199,シイクワシャージュース
1200,シーザードレッシング
1201,しいたけ
1202,しいたけのつくだ煮
1203,しいたけのみじん切り
1204,しいたけ鶏つくね
1205,しいたけ昆布のつくだ煮
1206,しいたけ煮
1207,シーフードミックス
1208,シェリー酒
1209,ししとう
1210,ししとうがらし
1211,しじみ
1212,ししゃも
1213,しし唐辛子
1214,しそいくら
1215,しそみそゆずこしょう
1216,シチューの煮汁
1217,シチューの素
1218,シチュールウ
1219,しっとりゆで鶏
1220,シナモン
1221,シナモンシュガー
1222,シナモンスティック
1223,シナモンパウダー
1224,じねんじょ
1225,しば漬け
1226,シブレット
1227,しぼりたて生しょうゆ
1228,しまえび
1229,しめ
1230,しめさば
1231,しめじ
1232,しめのカレーうどん
1233,しめのサンラータン風
1234,しめの釜玉うどん
1235,しめの豚バララーメン
1236,しめの野菜クッパ
1237,〆まで美味しい　エスニックしゃぶしゃぶ
1238,〆まで美味しい　キムチ鍋つゆｽﾄﾚｰﾄ
1239,〆まで美味しい　キムチ鍋つゆミニパック
1240,〆まで美味しい　ごま豆乳鍋つゆｽﾄﾚｰﾄ
1241,〆まで美味しい　ごま豆乳鍋つゆミニパック
1242,〆まで美味しい　寄せ鍋つゆミニパック
1243,〆まで美味しい　焼あごだし鍋つゆミニパック
1244,〆まで美味しい　地鶏昆布だし鍋つゆミニパック
1245,〆まで美味しい　濃厚みそ鍋つゆｽﾄﾚｰﾄ
1246,〆まで美味しい　炒めにんにく醤油鍋つゆｽﾄﾚｰﾄ
1247,〆まで美味しい?　炒めにんにく醤油鍋つゆ　ミニパック
1248,〆まで美味しいごま担々鍋つゆｽﾄﾚｰﾄ
1249,〆まで美味しいとんこつしょうゆ鍋つゆ
1250,〆まで美味しい寄せ鍋つゆｽﾄﾚｰﾄ
1251,〆まで美味しい焼あごだし鍋つゆｽﾄﾚｰﾄ
1252,〆まで美味しい地鶏塩ちゃんこ鍋つゆ
1253,〆まで美味しい濃厚鶏白湯鍋つゆｽﾄﾚｰﾄ
1254,ジャイアント　トマトハンバーグ
1255,じゃがいも
1256,じゃこニラしょうゆ飯
1257,じゃこ天
1258,ジャスミンティー
1259,ジャスミン茶
1260,ジャネフノンオイルドレッシング　減塩ごま
1261,ジャネフノンオイルドレッシング　減塩サウザン
1262,ジャネフノンオイルドレッシング　減塩フレンチ
1263,ジャネフノンオイルドレッシング　減塩和風
1264,ジャネフ栄養サポート食品　ファインケアすっきりテイスト　ミルク味
1265,ジャム
1266,ジャンボピーマン
1267,シュークリーム
1268,ジューシー肉団子
1269,シュウマイ
1270,しゅうまい
1271,シュウマイの具
1272,しゅうまいの皮
1273,シュウマイの皮
1274,シュー生地
1275,シュレッドチーズ
1276,じゅんさい
1277,しょうが
1278,しょうがドレッシング
1279,しょうがのシロップ漬け
1280,しょうがのすりおろし
1281,しょうがのせん切り
1282,しょうがのみじん切り
1283,しょうがの甘酢漬け
1284,しょうがの酢漬け
1285,しょうがの薄切り
1286,しょうがの皮
1287,しょうが汁
1288,しょうゆ
1289,しょうゆカラメル
1290,しょうゆキャラメルソース
1291,しょうゆだれ
1292,しょうゆドレッシング
1293,しょうゆと梅干しのたれ
1294,しょうゆ甜麺醤
1295,ショートニング
1296,ショートパスタ
1297,しょっつる
1298,しらうお
1299,しらす
1300,しらす干し
1301,しらたき
1302,しらたきの和え物
1303,シリアル
1304,シルクレタス
1305,シロップ
1306,シロップ液
1307,ジン
1308,ジンジャーエール
1309,ジンジャークッキー
1310,ジンジャーパウダー
1311,スイートチョコレート
1312,スイートチリソース
1313,スイートバジル
1314,すいか
1315,ずいき
1316,すいとん
1317,スープ
1318,スープの素
1319,スープも味わうしゃぶしゃぶ　極みだし
1320,スープも味わうしゃぶしゃぶ　鶏ねぎ塩
1321,スープも味わうしゃぶしゃぶ　旨辛チゲ
1322,スキムミルク
1323,すき焼き風だれ
1324,スクランブルエッグ
1325,スゴだれR
1326,すじ
1327,すしえび
1328,すじこ
1329,すし酢
1330,すし飯
1331,すずき
1332,スターアニス
1333,すだち
1334,すだちのしぼり汁
1335,スタッフドオリーブ
1336,スタミナ生姜焼き
1337,すだれ麩
1338,スチーミースタミナ炒飯
1339,ズッキーニ
1340,スティックチーズ
1341,スティックブロッコリー
1342,スナップえんどう
1343,スパイス
1344,スパゲッティ
1345,スパゲッテイ
1346,スパゲッティのゆで汁
1347,スパゲティ
1348,スピリッツ
1349,スプマンテ
1350,スプラウト
1351,スプリンクル
1352,スペアリブ
1353,スポンジ
1354,スポンジケーキ
1355,スポンジ生地
1356,スモークサーモン
1357,スモークサーモンの薄切り
1358,スモークチキン
1359,スモークレバー
1360,すもも
1361,スライスアーモンド
1362,スライスチーズ
1363,スライスチェダーチーズ
1364,すりおろしにんじん
1365,すりおろしりんご
1366,すりごま
1367,すり黒ごま
1368,すり身だんご
1369,すり身てんぷら
1370,すり白ごま
1371,するめ
1372,するめいか
1373,ずわいがに
1374,ずわいがにの足
1375,スンドゥブチゲ鍋用スープ
1376,セージ
1377,セミドライソーセージ
1378,ゼラチン
1379,せり
1380,セルフィーユ
1381,セレベス
1382,セロリ
1383,セロリのみじん切り
1384,セロリの茎
1385,セロリの葉
1386,せんべい
1387,ぜんまい
1388,ぜんまいの水煮
1389,センレック
1390,せん切りキャベツ
1391,せん茶
1392,せん茶葉
1393,そうめん
1394,ソーキ
1395,ソース
1396,ソーセージ
1397,ソーセージとじゃがコーンのミルクスープ
1398,ソーセージのカレースープ
1399,ソーセージ用羊腸
1400,その他お好みの具材
1401,そば
1402,そばつゆ
1403,そばの芽
1404,そば粉
1405,そば粉春餅の生地
1406,そば米
1407,ソフトサラミ
1408,ソフト豆腐
1409,そぼろ味
1410,そら豆
1411,ダークチェリー
1412,タアツァイ
1413,ターメリック
1414,ター菜
1415,たい
1416,だいこん　ぬかみそ漬
1417,ダイスアーモンド
1418,たいの頭
1419,タイム
1420,タイムの葉
1421,たくあん
1422,たくあん漬け
1423,たけのこ
1424,たけのこのころも
1425,たけのこの煮汁
1426,たけのこの水煮
1427,たこ
1428,タコス
1429,たこの下味
1430,たこの足
1431,たこやきソース
1432,たこ焼き
1433,たこ焼きソース
1434,たこ焼き粉
1435,たこ足
1436,だし
1437,だししょうゆ漬け海鮮
1438,だしマヨシーフード焼うどん
1439,だし割りしょうゆ
1440,だし巻き卵
1441,だし香る肉じゃが
1442,だし昆布
1443,だし汁
1444,だし飯
1445,だし粉
1446,たたき梅
1447,たたみいわし
1448,たちうお
1449,たっぷり野菜とお肉の蒸ししゃぶ
1450,たで
1451,たね
1452,タバスコ
1453,タピオカ
1454,タピオカパール
1455,たまごのタルタル
1456,たまごの天ぷら
1457,たまねぎ
1458,たまねぎの酢漬け
1459,たまりしょうゆ
1460,タマリンド
1461,たら
1462,たらこ
1463,たらこの煮汁
1464,たらこバターだれ
1465,たらの下味
1466,たらの芽
1467,たらばがに
1468,たらばがにの足
1469,タラモディップ
1470,タルタルソース
1471,タルトカップ
1472,タルト生地
1473,タルト台
1474,たれ
1475,タレ
1476,たれの材料
1477,たれ用調味料
1478,だんごベース
1479,だんご粉
1480,タンドリーチキン
1481,チーズ
1482,チーズかまぼこ
1483,チーズソース
1484,チーズとハムのワンタン
1485,チーズトマト寿司
1486,チーズのかえし漬け
1487,チーズ生地
1488,チェダーチーズ
1489,チェリー缶
1490,チキンカツ
1491,チキンコンソメ
1492,チキンときのこのおかずスープ
1493,チキンナゲット
1494,チキンライス
1495,ちくわ
1496,ちくわの天ぷら
1497,ちくわの揚げ物
1498,ちくわぶ
1499,チコリ
1500,チコリー
1501,チヂミの粉
1502,チャーシュー
1503,チャーシューのたれ
1504,チャービル
1505,チャイブ
1506,チャバッタ
1507,ちゃんぽん麺
1508,チョコスプレー
1509,チョコチップ
1510,チョコチップほろほろクッキー
1511,チョコペン
1512,チョコレート
1513,チョコレートアイスクリーム
1514,チョコレートクッキー
1515,チョコレートクリーム
1516,チョコレートシリアル
1517,チョコレートシロップ
1518,チョコレートスプレー
1519,チョコレートソース
1520,チョコレートチップ
1521,チョコレートペン
1522,チョリソー
1523,ちらしずしの素
1524,チリソース
1525,チリパウダー
1526,チリペッパー
1527,チリペッパーソース
1528,ちりめんじゃこ
1529,チルドハンバーグ
1530,チンゲンサイ
1531,チンゲン菜
1532,チンゲン菜と豚肉のスタミナチャーハン
1533,つきこんにゃく
1534,つくし
1535,つくね
1536,つくねの煮汁
1537,つけだれ
1538,つけダレ
1539,つけだれ「秒速　うま辛豆板醤ダレ」
1540,つけだれ用
1541,つけ合わせ
1542,つけ合わせの調味料
1543,つけ合わせの野菜
1544,つけ汁
1545,ツナ
1546,ツナチーズペースト
1547,ツナマヨ
1548,ツナ缶
1549,ツナ水煮缶
1550,ツナ油漬缶
1551,つぶあん
1552,つぶしたにんにく
1553,つぶ野菜ドレッシング
1554,つぼ漬け
1555,つまみ菜
1556,つみれ
1557,つみれ材料
1558,つゆ
1559,つゆマヨだれ
1560,つるむらさき
1561,ディップ
1562,ディル
1563,ディルシード
1564,ディルの葉
1565,デコパーツ
1566,デコレーション用菓子
1567,デニッシュペストリー
1568,デミグラスソース
1569,デュカ
1570,てりじょうゆ
1571,てりやきソース
1572,デルモンテ
1573,デルモンテつぶ野菜　すりおろしりんごｍｉｘ
1574,ﾃﾞﾙﾓﾝﾃ洋ごはんつくろ　チキンライス
1575,ﾃﾞﾙﾓﾝﾃ洋ごはんつくろ　ドライカレー
1576,でんぶ
1577,とうがん
1578,トウチ
1579,とうふちくわ
1580,とうもろこし
1581,トック
1582,ドッグパン
1583,トッピング
1584,トッピング用
1585,トッピング用ホイップクリーム
1586,トニックウォーター
1587,とびこ
1588,とびっこ
1589,とびっこミモザ
1590,トマト
1591,トマトおでん
1592,トマトケチャップ
1593,トマトジャム
1594,トマトジュース
1595,トマトジュース缶
1596,トマトソース
1597,トマトだれ
1598,トマトだれの調味料
1599,トマトとオクラのうま塩豚汁
1600,トマトとツナのピザトースト
1601,トマトドレッシング
1602,トマトの漬け込みだれ
1603,トマトピューレ
1604,トマトペースト
1605,トマトポン酢だれ
1606,トマトミートボール
1607,トマトリゾットアレンジ
1608,トマト水煮
1609,トマト水煮缶
1610,トマト鍋の素
1611,トマト輪切り
1612,トムヤムスープの素
1613,トムヤムペースト
1614,ドライアプリコット
1615,ドライイースト
1616,ドライオレガノ
1617,ドライクランベリー
1618,ドライセージ
1619,ドライタイム
1620,ドライトマト
1621,ドライトマトのオイル漬け
1622,ドライハーブ
1623,ドライハーブミックス
1624,ドライバジル
1625,ドライパセリ
1626,ドライフィグ
1627,ドライフルーツ
1628,ドライフルーツミックス
1629,ドライブルーベリー
1630,ドライプルーン
1631,ドライマンゴー
1632,ドライローズマリー
1633,ドラゴンフルーツ
1634,とら豆
1635,とりそぼろ
1636,とりハム
1637,トルティーヤ
1638,トルティーヤチップス
1639,トルティーヤチップス　プレーン
1640,ドレッシング
1641,ドレッシング材料
1642,トレビス
1643,ドレンチェリー
1644,とろ〜り卵の肉みそキャベツ
1645,トロサーモン
1646,とろろ
1647,とろろいも
1648,とろろ昆布
1649,とろ卵和風ビックベジバーグ
1650,とんかつ
1651,とんかつソース
1652,とんじゃがスープ
1653,ナーベラー
1654,なし
1655,なしジュース
1656,なす
1657,なすとズッキーニのうま塩豚汁
1658,なすと油揚げのうま塩豚汁
1659,なすのディップ
1660,なすの塩水づけ用
1661,なすの塩漬け
1662,なすの天ぷら
1663,なすの南蛮漬け
1664,ナタデココ
1665,ナチュラルチーズ
1666,ナッツ
1667,なっとういち　超小粒
1668,なつめ
1669,ナツメグ
1670,なまり節
1671,ナムプリックパオ
1672,ナムル
1673,ナムルだれ
1674,なめこ
1675,なめこ水煮
1676,なめたけ
1677,なめたけ瓶詰
1678,なると
1679,ナン
1680,ナンプラー
1681,ニース風
1682,にがうり
1683,にがり
1684,にじます
1685,にしん
1686,ニョッキ
1687,ニョッキの生地
1688,にら
1689,にら醤
1690,にんじん
1691,にんじんジュース
1692,にんじんと鶏肉のスイートチリ和え
1693,にんじんナムル
1694,にんじんのグラッセ
1695,にんじんのみじん切り
1696,にんにく
1697,にんにくしょうゆ
1698,にんにくのすりおろし
1699,にんにくのみじん切り
1700,にんにくの芽
1701,にんにくの薄切り
1702,にんにくみそだれ
1703,ぬか床
1704,ぬるま湯
1705,ネーブルオレンジ
1706,ねぎ
1707,ねぎしょうゆだれ
1708,ねぎじょうゆだれ
1709,ねぎソース
1710,ねぎだれ
1711,ねぎのみじん切り
1712,ねぎの小口切り
1713,ねぎの青い部分
1714,ねぎま
1715,ねぎみそ
1716,ねぎレモンしょうゆだれ
1717,ねぎ塩だれ
1718,ねぎ油
1719,ねぎ卵だれ
1720,ねりうめ
1721,のり
1722,のりコーンだれ
1723,のりの佃煮
1724,のり巻き２種
1725,のり佃煮
1726,バーガーパン
1727,バーガーバンズ
1728,ハードビスケット
1729,ハート形チョコレート
1730,ハーブ
1731,ハーブサラダチキン
1732,ハーブシーズニング
1733,ハーブソルト
1734,ハーブティー
1735,ハーブドレッシング
1736,ハーブのサラダ
1737,ハーブミックス
1738,バーベキューソース
1739,バーベキューソース風
1740,バーボンウイスキー
1741,パイシート
1742,パイナップル
1743,パイナップル100%ジュース
1744,パイナップルジュース
1745,パイナップルのフルーツ酢
1746,パイナップル缶
1747,パイナップル缶の汁
1748,バイマックル
1749,バイマックルー
1750,ばい貝
1751,パイ生地
1752,パクチー
1753,バゲット
1754,バケットサンド
1755,はごろもフーズ　シーチキンファンシー
1756,はじかみしょうが
1757,バジリコ
1758,バジル
1759,バジルの茎
1760,バジルの葉
1761,バジルペースト
1762,バジルレモンチキン
1763,パスタ
1764,パストラミビーフ
1765,パストラミポーク
1766,パセリ
1767,パセリのみじん切り
1768,パセリの茎
1769,パセリの葉
1770,バター
1771,バターじょうゆソース
1772,バターピーナッツ
1773,バターライス
1774,バタール
1775,バターロール
1776,はたはた
1777,はちみつ
1778,パッケージサラダ
1779,はっさく
1780,バッター液
1781,はと麦
1782,はなっこりー
1783,バナナ
1784,バナナチップス
1785,バナメイエビ
1786,はな豆
1787,ハニーグレーズ
1788,バニラアイスクリーム
1789,バニラエッセンス
1790,バニラオイル
1791,バニラビーンズ
1792,バニラビーンズホウル
1793,パパイア
1794,パプリカ
1795,パプリカとアスパラガスのサラダ
1796,パプリカと豚肉の彩り青椒肉絲
1797,パプリカのピクルス
1798,はまぐり
1799,はまぐりの蒸し汁
1800,はまち
1801,ハム
1802,ハムきゅうり寿司
1803,ハムたまスクランブル
1804,はも
1805,ハヤシルウ
1806,バラの花のチョコレート
1807,ハラペーニョ
1808,パリジャン
1809,ハリッサ
1810,はりはり漬け
1811,バルサミコ酢
1812,はるさめ
1813,パルミジャーノ
1814,パルミジャーノチーズ
1815,パルメザンチーズ
1816,バレンシアオレンジ
1817,パン
1818,パンケーキミックス
1819,バンズ
1820,パンナコッタ
1821,ハンバーグ
1822,ハンバーグのたね
1823,ハンバーグ生地
1824,はんぺん
1825,パン工房カレー
1826,パン工房コーン＆マヨ
1827,パン工房ツナ＆マヨ
1828,パン工房てりやきソース＆マヨ
1829,パン工房バジル香るピザソース
1830,パン粉
1831,ピータン
1832,ピーチネクター
1833,ビーツ
1834,ビーツ缶
1835,ピーナッツ
1836,ピーナッツバター
1837,ピーナッツ入り柿の種
1838,ビーフカレー
1839,ビーフン
1840,ピーマン
1841,ピーマンのみじん切り
1842,ピーマンの輪切り
1843,ひいらぎの葉
1844,ビール
1845,ビールテイスト飲料
1846,ひきわり納豆
1847,ひき割り納豆
1848,ひき肉だね
1849,ピクルス
1850,ピクルスの漬け汁
1851,ピクルス液
1852,ピザ
1853,ピザクラスト
1854,ピザソース
1855,ピザ生地
1856,ピザ生地ミックス
1857,ピザ用ソース
1858,ピザ用チーズ
1859,ひじき
1860,ひじきドライパック
1861,ひじきの煮物
1862,ひじき煮
1863,ビスケット
1864,ビスケット生地
1865,ピスタチオ
1866,ピスタチオソース
1867,ビストロクイック欧風ライスソース　オマール海老のビスク仕立て
1868,ビストロクイック欧風ライスソース　ハッシュドビーフ赤ワイン仕立て
1869,ビストロクイック欧風ライスソース　ポルチーニ薫るクリーム仕立て
1870,ビタースイートチョコレート
1871,ビターチョコレート
1872,ピタパン
1873,ひっつみ
1874,ひと口いなり
1875,ひと口にぎり
1876,ひなあられ
1877,ビネグレットソース
1878,ひやむぎ
1879,ひよこまめ
1880,ひよこ豆
1881,ひよこ豆の水煮
1882,ひよこ豆の水煮缶
1883,ひらたけ
1884,ひらまさ
1885,ひらめ
1886,ピリ辛だれ
1887,ピリ辛甘酢
1888,ひれかつ
1889,ピンクペッパー
1890,ファルファッレ
1891,ブイヨン
1892,ブイヨンスープ
1893,フィンガービスケット
1894,ブーケガルニ
1895,フェットチーネ
1896,フェデリーニ
1897,フェデルツォニ　バルサミコ
1898,フェンネル
1899,フォー
1900,フォカッチャ
1901,フォンデュソース
1902,ふき
1903,ふきのとう
1904,ふきの水煮
1905,ふきみそ
1906,ふぐ
1907,ふくろたけ
1908,ふくろたけ水煮缶
1909,フジッリ
1910,プチタルトカップ
1911,プチトマト
1912,プチトマトのベーコン巻きグリル
1913,ぶどう
1914,ぶどうパン
1915,ぶどうパン6枚切り
1916,ぶどう酢
1917,ぶなしめじ
1918,ブナピー
1919,ふのり
1920,ぶぶあられ
1921,フライドオニオン
1922,フライドガーリック
1923,フライドチキン
1924,フライドポテト
1925,ブラウンマッシュルーム
1926,ブラックオリーブ
1927,ブラックオリーブピクルス
1928,ブラックタイガー
1929,ブラックチョコキューブ
1930,ブラックチョコクランチ
1931,ブラックチョコレート
1932,ブラックペッパー
1933,フランクフルト
1934,フランクフルトソーセージ
1935,フランスパン
1936,ブランデー
1937,ぶり
1938,ブリーチーズ
1939,プリーツレタス
1940,ブリオッシュ
1941,ふりかけ
1942,ふりかけかつお
1943,ふりかけのりたまご
1944,プリッキーヌ
1945,ぶりのアラ
1946,ぶりの下味
1947,フリルレタス
1948,ブルーチーズ
1949,フルーツ
1950,フルーツグラノーラ
1951,フルーツトマト
1952,フルーツミックスジュース
1953,フルーツミックス缶
1954,フルーツヨーグルト
1955,フルーティス　ざくろラズベリー
1956,フルーティス　ざくろラズベリー　ストレート
1957,フルーティス　シャルドネ
1958,フルーティス　シャルドネ　ストレート
1959,フルーティス　ピンクグレープフルーツ
1960,フルーティス　ピンクグレープフルーツ　ストレート
1961,フルーティス　レモネード
1962,フルーティス　レモネード　ストレート
1963,フルーティス　日向夏
1964,フルーティス　日向夏　ストレート
1965,ブルーベリー
1966,ブルーベリージャム
1967,ブルーベリーのフルーツ酢
1968,プルーン
1969,プルコギ
1970,ふるった薄力粉
1971,プレーン
1972,プレーンほろほろクッキー
1973,プレーンヨーグルト
1974,フレッシュトマトソース
1975,フレッシュハーブ
1976,フレッシュバジル
1977,フレッシュライムジュース
1978,フレッシュローズマリー
1979,フレンチドレッシング
1980,フレンチマスタード
1981,プロセスチーズ
1982,ブロッコリー
1983,ブロッコリースプラウト
1984,ブロッコリーときのこの蒸し焼き
1985,ブロッコリーとにんじんとツナのごま和え
1986,ブロッコリーの茎
1987,フロマージュブラン
1988,ベーキングパウダー
1989,ベーグル
1990,ベーグルパン
1991,ベーコン
1992,ベーコンスライス
1993,ベーコントマト串
1994,ベーコンビッツ
1995,ベーコンブロック
1996,ベース
1997,ペカン
1998,ペコロス
1999,ペッパーガーリックチキン
2000,ペッパーソース
2001,ペパーミントリキュール
2002,ベビーキャロット
2003,ベビーほうれん草
2004,ベビーホタテ
2005,ベビーほたて
2006,ベビーポテト
2007,ベビーリーフ
2008,ベビー帆立
2009,ペンネ
2010,ホイップクリーム
2011,ボイルえび
2012,ボイル帆立貝柱
2013,ほうじ茶
2014,ほうとう
2015,ほうれんそう
2016,ほうれん草
2017,ほうれん草ナムル
2018,ほうれん草の白菜巻き
2019,ポークソーセージ
2020,ポークソテー
2021,ポークランチョンミート
2022,ポーションクリーム
2023,ホースラディシュ
2024,ホースラディッシュ
2025,ポーチドエッグ
2026,ホールコーン
2027,ホールコーン缶
2028,ホールトマト
2029,ホールトマト缶
2030,ポケットパン
2031,ボストンレタス
2032,ほたて
2033,ほたて貝
2034,ほたて貝柱
2035,ほたて水煮
2036,ほたるいか
2037,ほっき貝
2038,ほっけ
2039,ほっけの干物
2040,ホットグリーンサラダ
2041,ホットケーキミックス
2042,ホットチリソース
2043,ホットドッグパン
2044,ホットドッグ用ソーセージ
2045,ホットペッパーソース
2046,ポテトコロッケ
2047,ポテトサラダ
2048,ポテトチップス
2049,ポテトのチーズ焼き
2050,ボローニャソーセージ
2051,ボロネーゼソース
2052,ホワイトアスパラガス
2053,ホワイトアスパラガス水煮缶
2054,ホワイトキュラソー
2055,ホワイトクリーム
2056,ホワイトスノーボール
2057,ホワイトセロリ
2058,ホワイトソース
2059,ホワイトソース缶
2060,ホワイトチョコキューブ
2061,ホワイトチョコクランチ
2062,ホワイトチョコレート
2063,ホワイトリカー
2064,ポワロー
2065,ほんしめじ
2066,ぽんず
2067,ほんだわら
2068,ほんてり　２０Ｌキュービ
2069,ぽんマヨ
2070,ボンレスハム
2071,ポン酢
2072,ポン酢サラダ
2073,ポン酢しょうゆ
2074,マーガリン
2075,マーブルチョコレート
2076,マーマレード
2077,まいたけ
2078,まかじき
2079,マカダミアナッツ
2080,マカロニ
2081,マカロニサラダ
2082,まぐろ
2083,まぐろたたき
2084,まぐろのづけとチーズ
2085,まぐろのぶつ切り
2086,まぐろの下味
2087,まぐろの赤身
2088,まぐろの裏巻き
2089,まぐろ巻き
2090,まこもだけ
2091,マシュマロ
2092,ます
2093,マスカット
2094,マスカルポーネ
2095,マスカルポーネチーズ
2096,マスタード
2097,マスタードオニオンたれ
2098,マスタードソース
2099,マスタードマヨネーズ
2100,まぜつゆ　ごまだれサラダうどん
2101,まぜつゆ　ぶっかけうどん
2102,まぜつゆ　釜玉うどんだし醤油
2103,まぜつゆ　釜玉チゲうどん
2104,まぜつゆ　讃岐風冷かけうどん
2105,まぜつゆ　冷やしすだちうどん
2106,まだい
2107,または
2108,または、すし酢
2109,または、ほんてり
2110,または、ミツカンかおりの蔵丸搾りゆず
2111,または、ミツカンぽんしゃぶ
2112,または、本みりん
2113,まだら
2114,マッシュポテト
2115,マッシュポテトの素
2116,マッシュルーム
2117,マッシュルームの水煮
2118,マッシュルーム缶
2119,まつたけ
2120,マトン
2121,まながつお
2122,マフィンパン
2123,マヨネーズ
2124,マヨネーズ風調味料カロリーハーフタイプ
2125,マラスキーノチェリー
2126,マリネ液
2127,マロニー
2128,まろやかりんご酢　はちみつりんご
2129,まろやかりんご酢　はちみつりんごST
2130,マロングラッセ
2131,マロンクリーム
2132,マンゴー
2133,マンゴージュース
2134,マンゴーチャツネ
2135,マンゴー缶
2136,まんじゅう
2137,マンジョウ国産米こだわり仕込み料理の清酒
2138,マンジョウ醇米本みりん
2139,マンジョウ濃厚熟成本みりん
2140,マンジョウ梅酒日和
2141,マンジョウ米麹こだわり仕込み純米本みりん
2142,マンジョウ米麹こだわり仕込み本みりん
2143,マンズワイン
2144,ミートソース
2145,ミートボール
2146,ミートローフのたね
2147,ミイラソーセージ
2148,みかん
2149,みかんジュース
2150,みかん果汁
2151,みかん缶
2152,みかん缶の汁
2153,みそ
2154,みそだれ
2155,みそ煮込うどん
2156,みそ床
2157,みたらしあん
2158,みたらしソース
2159,ミツカン　W味噌辛鍋つゆストレート
2160,ミツカン　うめ黒酢
2161,ﾐﾂｶﾝ　おかずｽｰﾌﾟの素　ごま担々豆腐
2162,ﾐﾂｶﾝ　おかずｽｰﾌﾟの素　酸辣湯豆腐
2163,ミツカン　おむすび山　ごま昆布
2164,ミツカン　おむすび山　鮭わかめ
2165,ミツカン　おむすび山　焼き肉屋のたれごはん
2166,ミツカン　おむすび山　青菜
2167,ミツカン　おむすび山チャーシューごはん
2168,ミツカン　お米で作った純なお酢
2169,ミツカン　かおりの蔵　丸搾りゆず
2170,ミツカン　かけるカンタン酢
2171,ミツカン　かける追いがつお
2172,ミツカン　カンタン黒酢
2173,ミツカン　カンタン純米酢
2174,ミツカン　カンタン酢
2175,ﾐﾂｶﾝ　カンタン酢　レモン
2176,ミツカン　きのこ釜めし
2177,ミツカン　ぎょうざのたれ
2178,ミツカン　くめ納豆　秘伝金印
2179,ミツカン　ごましゃぶ
2180,ミツカン　ごまぽん
2181,ミツカン　ざくろ黒酢
2182,ミツカン　さっぱり鶏チャーシューの素
2183,ミツカン　〆まで美味しい地鶏昆布だし鍋つゆストレート
2184,ミツカン　しゃぶしゃぶのたれ　金づくし
2185,ミツカン　すし酢
2186,ミツカン　すし酢昆布だし入り
2187,ミツカン　すりおろしたまねぎぽん酢
2188,ミツカン　だしまろぽん
2189,ﾐﾂｶﾝ　だし炊き　あごだし鶏ごぼう釜めし
2190,ﾐﾂｶﾝ　だし炊き　五目釜めし
2191,ミツカン　ねりうめ
2192,ﾐﾂｶﾝ　ﾌﾞﾙｰﾍﾞﾘｰ黒酢ｽﾄﾚｰﾄ
2193,ミツカン　ブルーベリー黒酢
2194,ミツカン　プロが使う味　白だし
2195,ミツカン　ぽんしゃぶ
2196,ミツカン　ほんてり
2197,ミツカン　ぽん酢
2198,ﾐﾂｶﾝ　マインズ毎飲酢黒酢ﾄﾞﾘﾝｸ
2199,ミツカン　まっことゆず
2200,ミツカン　マリネの素
2201,ミツカン　やさしいお酢
2202,ミツカン　ゆずぽん
2203,ミツカン　ヨーグルト黒酢
2204,ミツカン　ヨーグルト黒酢ストレート
2205,ミツカン　らっきょう酢
2206,ミツカン　りんご黒酢
2207,ﾐﾂｶﾝ　りんご黒酢ストレート
2208,ミツカン　リンゴ酢
2209,ミツカン　花おすしの素
2210,ミツカン　甘酢
2211,ミツカン　金のごまだれ　焙煎荒挽き
2212,ﾐﾂｶﾝ　金のつぶ　たれたっぷり！たまご醤油たれひきわり
2213,ミツカン　金のつぶ　におわなっとう
2214,ミツカン　金のつぶ　ふっくらなっと
2215,ミツカン　金のつぶ　国産ひきわり
2216,ミツカン　金のつぶ　国産小粒
2217,ミツカン　金のつぶ　酢納豆
2218,ミツカン　金のつぶ　梅風味黒酢たれ
2219,ミツカン　鶏のさっぱり煮の素
2220,ミツカン　鶏釜めし
2221,ミツカン　五目ちらし
2222,ミツカン　五目釜めし
2223,ミツカン　昆布だしつゆの素３倍
2224,ミツカン　三ツ判山吹
2225,ミツカン　旨鶏しお辛鍋つゆストレート
2226,ミツカン　十目ちらし
2227,ミツカン　純リンゴ酢
2228,ミツカン　純玄米黒酢
2229,ミツカン　純玄米酢
2230,ミツカン　純米酢金封
2231,ミツカン　純米本みりん
2232,ミツカン　純米料理酒
2233,ミツカン　中華の素　酢豚
2234,ミツカン　中華の素　八宝菜
2235,ミツカン　追いがつおつゆ２倍
2236,ミツカン　追いがつおつゆの素
2237,ミツカン　土佐酢
2238,ミツカン　特濃酢
2239,ミツカン　豚肉となすのさっぱり炒めの素
2240,ミツカン　濃厚とんこつ辛鍋つゆストレート
2241,ミツカン　白ワインビネガー
2242,ミツカン　八方だし
2243,ミツカン　味ぽん
2244,ミツカン　味ぽんＭＩＬＤ
2245,ミツカン　味ぽんうまピリ
2246,ミツカン　料理酒
2247,ﾐﾂｶﾝおむすび山　ねぎ油香る炒飯
2248,ﾐﾂｶﾝおむすび山ごま油香る鶏そぼろごはん
2249,ミツカンおむすび山梅かつお
2250,ﾐﾂｶﾝはじめてのおむすび山　おかかとのりごま
2251,ﾐﾂｶﾝはじめてのおむすび山　鮭とわかめ
2252,ﾐﾂｶﾝはじめてのおむすび山　青菜と小松菜
2253,ミツカン金のごまだれカロリーハーフ
2254,ﾐﾂｶﾝ金のつぶ　たれたっぷり！たまご醤油
2255,ﾐﾂｶﾝ金のつぶごま醤油たれ
2256,ﾐﾂｶﾝ金のつぶたれたっぷり！ぽんずたれ
2257,ﾐﾂｶﾝ金のつぶとろっ豆
2258,ﾐﾂｶﾝ金のつぶﾊﾟｷｯ!とにおわなっとう
2259,ﾐﾂｶﾝ金のつぶ金の熟成
2260,ミツカン穀物酢
2261,ミツカン千夜
2262,ミツカン追いがつおつゆ　ストレート
2263,ミツカン米酢
2264,ミツカン冷やし中華のつゆ　しょうゆ
2265,ミックスサラダ
2266,ミックスチーズ
2267,ミックスドライフルーツ
2268,ミックスナッツ
2269,ミックスハーブ
2270,ミックスパスタ
2271,ミックスビーンズ
2272,ミックスビーンズのサラダ
2273,ミックスビーンズのピクルス
2274,ミックスビーンズ缶
2275,ミックスフルーツ
2276,ミックスベジタブル
2277,ミックスベリー
2278,ミックス野菜　炒め用
2279,みつば
2280,みつばの茎
2281,みつばの軸
2282,みつばの葉
2283,ミディトマト
2284,ミニウインナーソーセージ
2285,ミニオクラ
2286,ミニかぼちゃ
2287,ミニキャロット
2288,ミニきゅうり
2289,ミニグリーンアスパラガス
2290,ミニじゃがいも
2291,ミニトマト
2292,ミニトマトのピクルス
2293,ミニにんじん
2294,ミニハンバーグ
2295,ミニ大根
2296,ミネストローネ
2297,みぶ菜の漬物
2298,みょうが
2299,みょうがたけ
2300,みょうがのピクルス
2301,みょうがの小口切り
2302,みょうがの酢漬け
2303,みりん
2304,みりんしょうゆシロップ
2305,みりんシロップ
2306,ミルクココア
2307,ミルクチョコレート
2308,ミント
2309,ミントティー
2310,ミントの葉
2311,ムール貝
2312,むかご
2313,むきえび
2314,むき甘栗
2315,むらさきいも
2316,メープルシロップ
2317,めかじき
2318,めかぶ
2319,めざし
2320,めばる
2321,メレンゲ
2322,メロン
2323,めんたい釜玉うどんつゆ
2324,めんつゆ
2325,メンマ
2326,めんみジュレ
2327,めんみドレッシング
2328,もずく
2329,もち
2330,もち巾着
2331,もち入りきんちゃく
2332,もち米
2333,もつ
2334,モッツァレラチーズ
2335,もどしたきくらげ
2336,もどしたわかめ
2337,もどし汁
2338,もみじおろし
2339,もみじ麩
2340,もみのり
2341,もみ海苔
2342,ももハム
2343,もやし
2344,もやしナムル
2345,もやしのねぎ味噌炒め
2346,モロッコいんげん
2347,モロッコインゲン
2348,モロヘイヤ
2349,モロヘイヤの葉
2350,もろみみそ
2351,モンキーバナナ
2352,やさしいおだし
2353,やりいか
2354,やわらか鶏の白だしおでんのつゆ
2355,やわらか鶏の白だしおでんの具
2356,ヤングコーン
2357,ヤングコーンの水煮
2358,ゆかり
2359,ゆず
2360,ゆずこしょう
2361,ゆずこしょうドレッシング
2362,ゆずジャム
2363,ゆずのしぼり汁
2364,ゆずの果汁
2365,ゆずの皮
2366,ゆずの皮のすりおろし
2367,ゆずポン酢
2368,ゆず果汁
2369,ゆであずき
2370,ゆであずき缶
2371,ゆでうずら豆
2372,ゆでうどん
2373,ゆでえび
2374,ゆできしめん
2375,ゆでぎんなん
2376,ゆでそば
2377,ゆでそら豆
2378,ゆでたけのこ
2379,ゆでだこ
2380,ゆでだこの足
2381,ゆでとうもろこし
2382,ゆでほたるいか
2383,ゆでむきえび
2384,ゆで桜えび
2385,ゆで枝豆
2386,ゆで汁
2387,ゆで大豆
2388,ゆで姫たけのこ
2389,ゆで卵
2390,ゆで卵の黄身
2391,ゆば
2392,ゆりね
2393,ゆり根
2394,ヨーグルト
2395,ヨーグルトソース
2396,ヨーグルトドリンク
2397,よせ鍋のスープ
2398,よもぎ
2399,よもぎ麩
2400,ラード
2401,ラー油
2402,ライスペーパー
2403,ライチー
2404,ライチリキュール
2405,ライチ缶
2406,ライム
2407,ライムのしぼり汁
2408,ライムの皮
2409,ライム果汁
2410,ライ麦カンパーニュ
2411,ライ麦パン
2412,ラクトアイス
2413,ラザニア
2414,ラズベリー
2415,ラタトゥイユ
2416,らっきょう
2417,らっきょうの甘酢漬け
2418,らっきょうの酢漬け
2419,らっきょう漬け
2420,らっきょう漬けの漬け汁
2421,ラディッシュ
2422,ラムチョップ
2423,ラムもも肉
2424,ラム酒
2425,ラム肉
2426,ラム肉　しゃぶしゃぶ用
2427,ラム肉　薄切り
2428,ラム薄切り肉
2429,ラム風味の生チョコレート
2430,ランチョンミート
2431,リーキ
2432,リーフレタス
2433,リキュール
2434,リコッタチーズ
2435,リコピンリッチドレッシング
2436,リメイク用食材
2437,リングイネ
2438,りんご
2439,りんごジャム
2440,りんごジュース
2441,りんご酢
2442,ルージュジュレ
2443,ルッコラ
2444,ルバーブ
2445,ルビーグレープフルーツ
2446,レーズン
2447,レタス
2448,レッドオニオン
2449,レッドカラント
2450,レッドカレーペースト
2451,レッドキドニー
2452,レッドキャベツ
2453,レッドチコリ
2454,レッドペッパー
2455,レトルトカレー
2456,レバーの下味
2457,レモン
2458,レモングラス
2459,レモンクリーム
2460,レモンのくし形切り
2461,レモンの皮
2462,レモンの皮のすりおろし
2463,レモンの輪切り
2464,レモンピール
2465,レモンぽんず
2466,レモンぽん酢
2467,レモン塩
2468,レモン果汁
2469,レモン汁
2470,れんこん
2471,れんこんのバルサミコ炒め
2472,レンジで！ベーコン＆ベジのふわふわオムレツ
2473,レンジでチキンライス
2474,レンジで簡単！キャベツナムル
2475,レンズ豆
2476,レンチンキャベツとウィンナーのスープ
2477,レンチン豆腐とキャベツの味噌汁
2478,ローストアーモンド
2479,ローストビーフ
2480,ローストビーフのたれ
2481,ロースハム
2482,ローズヒップティー
2483,ローズペッパー
2484,ローズマリー
2485,ローリエ
2486,ロールいか
2487,ロールキャベツ
2488,ロールケーキ
2489,ロールパン
2490,ロゼワイン
2491,ロブスター
2492,ロマネスコ
2493,ロメインレタス
2494,ワイン
2495,ワインビネガー
2496,ワイン寒天
2497,わかさぎ
2498,わかめ
2499,わかめスープ
2500,わけぎ
2501,わさび
2502,わさびじょうゆだれ
2503,わさび菜
2504,わさび酢
2505,わさび漬け
2506,わたりがに
2507,ワッフル
2508,わらび
2509,わらびの水煮
2510,わらび粉
2511,ワンタン
2512,ワンタンのたね
2513,ワンタンの皮
2514,杏仁パウダー
2515,伊勢えび
2516,伊予美人
2517,衣
2518,一味とうがらし
2519,一味唐がらし
2520,一味唐辛子
2521,稲庭うどん
2522,芋くず
2523,引き上げゆば
2524,飲むヨーグルト
2525,栄養満点Winnerポトフ
2526,塩
2527,塩くらげ
2528,塩こんぶ
2529,塩ざけ
2530,塩さば
2531,塩たら
2532,塩だら
2533,塩だれ
2534,塩ゆで枝豆
2535,塩レモン
2536,塩鶏
2537,塩麹
2538,塩昆布
2539,塩鮭
2540,塩水
2541,塩数の子
2542,塩蔵わかめ
2543,塩漬け
2544,塩漬け用
2545,塩豆腐
2546,塩豚
2547,押し麦
2548,押麦
2549,押麦ご飯
2550,黄にら
2551,黄パプリカ
2552,黄ピーマン
2553,黄菊
2554,黄身だれ
2555,黄桃
2556,黄桃缶
2557,沖縄そば
2558,沖縄豆腐
2559,温かいご飯
2560,温めた牛乳
2561,温泉卵
2562,下煮
2563,下味
2564,下味調味料
2565,加糖ヨーグルト
2566,加糖練乳
2567,加熱用スライスチーズ
2568,加茂なす
2569,夏みかん
2570,夏野菜ソース
2571,夏野菜そぼろ
2572,夏野菜のぎゅうぎゅう焼き
2573,花かつお
2574,花がつお
2575,花ざんしょう
2576,花にら
2577,花山椒
2578,花穂じそ
2579,花椒
2580,花椒みそ
2581,花椒塩
2582,花麩
2583,芽キャベツ
2584,芽ねぎ
2585,芽ひじき
2586,回鍋肉
2587,怪味ソース
2588,海ぶどう
2589,海鮮醤
2590,海草ミックス
2591,海藻サラダ
2592,海藻ミックス
2593,海老だんご
2594,貝割れ菜
2595,貝割大根
2596,柿
2597,殻をむいたぎんなん
2598,角切り野菜のサラダ
2599,角餅
2600,割り下
2601,割り干し大根
2602,釜揚げしらす
2603,鴨ロース肉
2604,鴨肉
2605,乾燥カットわかめ
2606,乾燥パセリ
2607,乾燥パン粉
2608,乾燥ポルチーニ
2609,乾燥わかめ
2610,寒天
2611,巻き野菜
2612,完熟トマト
2613,干しあんず
2614,干しいちじく
2615,干しうどん
2616,干しえび
2617,干ししいたけ
2618,干ししいたけのもどし汁
2619,干ししいたけの煮汁
2620,干ししいたけの戻し汁
2621,干しずいき
2622,干しそば
2623,干しだら
2624,干しなつめ
2625,干しひじき
2626,干しぶどう
2627,干しプルーン
2628,干しゆば
2629,干しわかめ
2630,干し稲庭うどん
2631,干し貝柱
2632,干し柿
2633,干し岩のり
2634,干し桜えび
2635,干し豆腐
2636,干し帆立貝柱
2637,甘えび
2638,甘えびのゼリーがけ
2639,甘みそ
2640,甘塩ざけ
2641,甘塩たら
2642,甘塩鮭
2643,甘夏
2644,甘夏みかん
2645,甘栗
2646,甘口カレールウ
2647,甘口しょうゆ
2648,甘酒
2649,甘辛たれ
2650,甘辛だれ
2651,甘酢
2652,甘酢あん
2653,甘酢おろし
2654,甘酢しょうが
2655,甘酢しょうゆ
2656,甘酢だれ
2657,甘酢漬けしょうが
2658,甘酢漬けの漬け汁
2659,甘酢漬けらっきょう
2660,甘納豆
2661,簡単！豆腐丼
2662,簡単タルタルソース
2663,簡単トマトソース
2664,簡単ピザトースト
2665,関連レシピ
2666,韓国とうがらし
2667,韓国のり
2668,丸なす
2669,丸天
2670,丸餅
2671,岩のり
2672,岩塩
2673,基本のみょうがのさっと漬け
2674,寄せ豆腐
2675,季節のフルーツ
2676,季節の野菜
2677,菊のり
2678,菊の花
2679,菊花
2680,吸い地
2681,牛かたかたまり肉
2682,牛かたこま切れ肉
2683,牛かたまり肉
2684,牛かたロース肉　薄切り
2685,牛かた肉　薄切り
2686,牛カルビ
2687,牛カルビ焼き肉用
2688,牛カルビ肉
2689,牛こま切れ肉
2690,牛サーロイン
2691,牛サーロインステーキ用肉
2692,牛サーロイン肉
2693,牛しぐれ煮
2694,牛しゃぶしゃぶ用肉
2695,牛すき煮
2696,牛スジ肉
2697,牛すじ肉
2698,牛ステーキ用肉
2699,牛すね肉
2700,牛たたき
2701,牛タン
2702,牛バラこま切れ肉
2703,牛バラ肉
2704,牛ばら肉
2705,牛バラ肉　薄切り
2706,牛バラ薄切り肉
2707,牛ひき肉
2708,牛ヒレ肉
2709,牛モツ
2710,牛もつ
2711,牛ももかたまり肉
2712,牛ももこま切れ肉
2713,牛ももしゃぶしゃぶ用肉
2714,牛ももすき焼き用肉
2715,牛もも焼き肉用
2716,牛もも赤身肉
2717,牛もも赤身薄切り肉
2718,牛もも肉
2719,牛もも肉　ステーキ用
2720,牛もも肉　ブロック
2721,牛もも肉　薄切り
2722,牛もも薄切り肉
2723,牛ランプ肉
2724,牛レバー
2725,牛レバーの下味
2726,牛ロース肉
2727,牛ロース肉　薄切り
2728,牛肩ロースかたまり肉
2729,牛肩ロースすき焼き用肉
2730,牛肩ロース肉
2731,牛肩ロース薄切り肉
2732,牛肩肉
2733,牛脂
2734,牛焼き肉用
2735,牛赤身ひき肉
2736,牛赤身薄切り肉
2737,牛切り落とし肉
2738,牛肉
2739,牛肉　カレー
2740,牛肉　しゃぶしゃぶ用
2741,牛肉　すき焼き用
2742,牛肉　ステーキ用
2743,牛肉　焼肉用
2744,牛肉　切りおとし
2745,牛肉　薄切り
2746,牛肉とトマトのおかずスープ
2747,牛肉のしぐれ煮
2748,牛肉のたたき
2749,牛肉のたれ
2750,牛肉の下味
2751,牛肉の大和煮
2752,牛肉生春巻き
2753,牛乳
2754,牛薄切り肉
2755,牛丼
2756,巨峰
2757,魚すり身
2758,魚の下味
2759,魚肉ソーセージ
2760,京いも
2761,京がんも
2762,京にんじん
2763,共通する食材
2764,共通で使う食材
2765,共通で使用する食材
2766,共通の食材
2767,強力粉
2768,極細スパゲッティ
2769,玉こんにゃく
2770,玉ねぎ
2771,玉ねぎのピクルス
2772,玉ねぎのみじん切り
2773,玉ねぎの煮汁
2774,玉ねぎの切れ端
2775,玉九錦糸たまご
2776,玉麩
2777,錦糸卵
2778,錦糸卵の調味料
2779,金ごま
2780,金ごまソース
2781,金のつぶ　うな重納豆
2782,金のつぶ　ご飯に合う濃厚すき焼タレで食べる旨〜い極小粒納豆
2783,金のつぶ　ご飯に合う濃厚焼肉タレで食べる旨〜い極小粒納豆
2784,金のつぶ　ご飯に合う濃厚生姜焼タレで食べる旨〜い極小粒納豆
2785,金のつぶ　にんにく醤油たれ
2786,金のつぶ　バターしょうゆたれ
2787,金のつぶ　納豆ほね元気
2788,金山寺みそ
2789,金時草
2790,金時豆
2791,金箔
2792,銀ざけ
2793,銀だら
2794,銀鮭
2795,九州を味わう　たまねぎドレッシング
2796,九州を味わう　ゆずドレッシング
2797,九条ねぎ
2798,具ｔａｎｔｏミネストローネ
2799,具ｔａｎｔｏ鶏肉のトマト煮
2800,具のベース
2801,具の煮汁
2802,具材
2803,具入り肉そぼろ
2804,空心菜
2805,空芯菜
2806,栗
2807,栗の甘露煮
2808,栗の甘露煮シロップ
2809,栗甘露煮
2810,型抜き用具材
2811,桂花陳酒
2812,茎にんにく
2813,鶏
2814,鶏がら
2815,鶏ガラスープ
2816,鶏がらスープ
2817,鶏がらスープの素
2818,鶏ガラスープの素
2819,鶏ささみ
2820,鶏ささみフライ
2821,鶏ささ身
2822,鶏ささ身のひき肉
2823,鶏じゃがスープ
2824,鶏スペアリブ
2825,鶏そぼろ
2826,鶏だんご
2827,鶏だんごのおかずスープ
2828,鶏だんご材料
2829,鶏チャーシュー
2830,鶏つくね
2831,鶏のから揚げ
2832,鶏のさっぱり煮
2833,鶏ひき肉
2834,鶏むねひき肉
2835,鶏むね肉
2836,鶏ももこま切れ肉
2837,鶏もも肉
2838,鶏レバー
2839,鶏丸肉
2840,鶏骨つきもも肉
2841,鶏骨つきもも肉ぶつ切り
2842,鶏骨つき肉ぶつ切り
2843,鶏砂肝
2844,鶏手羽元
2845,鶏手羽先
2846,鶏手羽先の下味
2847,鶏手羽中
2848,鶏手羽肉
2849,鶏団子
2850,鶏軟骨
2851,鶏肉
2852,鶏肉とかぼちゃのおかずスープ
2853,鶏肉のたれ
2854,鶏肉のトマト煮込み
2855,鶏肉のマヨネーズ焼き
2856,鶏肉のゆで汁
2857,鶏肉の下味
2858,鶏肉の蒸し汁
2859,鶏肉の調味料
2860,鶏肉下味
2861,鶏皮
2862,鶏油
2863,鶏卵
2864,結びしらたき
2865,結び昆布
2866,月桂樹の葉
2867,絹ごし豆腐
2868,絹さや
2869,減塩しょうゆ
2870,減塩みそ
2871,玄米
2872,玄米ご飯
2873,玄米茶
2874,固ゆで卵
2875,固形コンソメ
2876,固形スープの素
2877,五香粉
2878,五穀ご飯
2879,五穀米
2880,五穀米入りご飯
2881,五色おろし
2882,呉豆腐
2883,厚焼きたまご
2884,厚焼き卵
2885,厚切りベーコン
2886,厚揚げ
2887,好みのアラザン
2888,好みのおかず
2889,好みのフルーツ
2890,好みの果物
2891,好みの付け合わせ野菜
2892,好みの野菜
2893,好みの野菜、おかず
2894,好みの野菜やフルーツ
2895,紅いも
2896,紅かまぼこ
2897,紅しょうが
2898,紅たで
2899,紅玉りんご
2900,紅鮭
2901,紅芯大根
2902,紅茶
2903,紅茶のティーバッグ
2904,紅茶の葉
2905,紅鍋
2906,紅白かまぼこ
2907,紅葉麩
2908,行者にんにく
2909,行者にんにくのしょうゆ漬け
2910,香ばしマヨ！シーフードピラフ
2911,香りパン粉
2912,香菜
2913,香菜の茎
2914,香菜り
2915,香味じょうゆ
2916,香味じょうゆだれ
2917,香味ソース
2918,香味だれ
2919,香味ドレッシング
2920,香味野菜
2921,香油
2922,高菜
2923,高菜とひき肉の炒め物
2924,高菜漬け
2925,高野豆腐
2926,高野豆腐のそぼろ煮
2927,合いびき肉
2928,合びき肉
2929,合わせだれ
2930,合わせみそ
2931,合わせ酢
2932,合わせ調味料
2933,合鴨
2934,合鴨の下味
2935,合鴨ロース
2936,合鴨ロース肉
2937,合鴨肉
2938,刻みアーモンド
2939,刻みのり
2940,刻みパセリ
2941,刻みピーナッツ
2942,刻みめかぶ
2943,刻み昆布
2944,刻み昆布とにんじんとゆで干大根
2945,刻み赤唐がらし
2946,刻んだハーブ
2947,穀物酢
2948,黒オリーブ
2949,黒こしょう
2950,黒ごま
2951,黒ごまソース
2952,黒ごまだれ
2953,黒こんにゃく
2954,黒タピオカ
2955,黒はんぺん
2956,黒ビール
2957,黒みつ
2958,黒砂糖
2959,黒酢
2960,黒酢ソース
2961,黒酢だれ
2962,黒酢にんにく醤油
2963,黒酢香味ソース
2964,黒酢薬味ソース
2965,黒豆
2966,黒豆きな粉
2967,黒豆の甘煮
2968,黒豆の煮豆
2969,黒豚
2970,黒皮かぼちゃ
2971,黒米
2972,黒米ご飯
2973,黒蜜
2974,昆布
2975,昆布だし
2976,昆布のつくだ煮
2977,昆布の佃煮
2978,昆布巻きかまぼこ
2979,昆布茶
2980,根みつば
2981,根三つ葉
2982,沙茶醤
2983,砂肝
2984,砂糖
2985,彩り鮮やか！かぼちゃと鶏肉のトマト煮
2986,彩り野菜のスティックピクルス
2987,才巻きえび
2988,細うどん
2989,細たけ
2990,細ねぎ
2991,細切りチーズ
2992,細切り昆布
2993,菜の花
2994,菜の花の調味料
2995,菜ばな
2996,材料
2997,材料Ａ
2998,作りやすい分量
2999,削りがつお
3000,削りチョコレート
3001,削り節
3002,桜えび
3003,桜でんぶ
3004,桜の花
3005,桜の花の塩漬け
3006,桜の葉の塩漬け
3007,鮭
3008,鮭いくら味
3009,鮭そぼろ
3010,鮭とじゃがいものミルクスープ
3011,鮭のソテー
3012,鮭の下味
3013,鮭の漬け汁
3014,鮭フレーク
3015,鮭缶
3016,鮭水煮
3017,笹かまぼこ
3018,雑穀ご飯
3019,雑穀入り米
3020,皿うどん
3021,三つ葉
3022,三温糖
3023,三杯酢
3024,三宝柑
3025,山いも
3026,山うど
3027,山芋
3028,山形のだし
3029,山菜
3030,山菜の水煮
3031,山菜ミックス
3032,山菜水煮
3033,山椒の実
3034,山椒の実の佃煮
3035,残っているおでんのつゆ　約４００ｍｌ
3036,仕上げ用
3037,刺身
3038,刺身こんにゃく
3039,刺身わかめ
3040,子大豆もやし
3041,枝豆
3042,糸がきかつお
3043,糸かつお
3044,糸がつお
3045,糸こんにゃく
3046,糸とうがらし
3047,糸みつば
3048,糸寒天
3049,糸唐がらし
3050,糸唐辛子
3051,紫キャベツ
3052,紫キャベツのザワークラウト
3053,紫たまねぎ
3054,紫玉ねぎ
3055,時短！かぼちゃのレンジ煮
3056,七草
3057,七味とうがらし
3058,七味唐がらし
3059,七味唐辛子
3060,実ざんしょう
3061,実山椒
3062,芝えび
3063,芝麻醤
3064,煮きり酒
3065,煮干し
3066,煮込みソース
3067,煮込み用ソース
3068,煮汁
3069,煮汁の調味料
3070,煮切ったみりん
3071,煮切りみりん
3072,煮豆
3073,煮卵
3074,車えび
3075,車麩
3076,若鶏ささみ
3077,手羽元と里芋のおでんの具
3078,手巻き用のり
3079,手鞠麩
3080,手作りしそ酢
3081,種なしぶどう
3082,酒
3083,酒粕
3084,重曹
3085,春キャベツ
3086,春の七草
3087,春雨
3088,春巻きの皮
3089,春巻き具材の下味
3090,春巻の皮
3091,春菊
3092,春餅
3093,小あじ
3094,小いかのソテー
3095,小いも
3096,小えび
3097,小かぶ
3098,小なす
3099,小ねぎ
3100,小ねぎの小口切り
3101,小菊
3102,小玉ねぎ
3103,小女子
3104,小松菜
3105,小松菜と鶏肉のだしマヨしらす炒め
3106,小松菜の煮びたし
3107,小倉あん
3108,小柱
3109,小町麩
3110,小梅
3111,小麦グルテン
3112,小麦粉
3113,小粒納豆
3114,松の実
3115,松葉
3116,松葉ゆず
3117,焼おにぎり
3118,焼きあなご
3119,焼きおにぎり
3120,焼きさけ
3121,焼きそば
3122,焼きそばソース
3123,焼きそば用めん
3124,焼きそば用蒸しめん
3125,焼きそば用中華めん
3126,焼きたらこ
3127,焼きちくわ
3128,焼きのり
3129,焼きみょうばん
3130,焼き芋
3131,焼き鮭
3132,焼き鳥
3133,焼き鳥の缶詰
3134,焼き鳥缶
3135,焼き豆腐
3136,焼き豚
3137,焼き肉のたれ
3138,焼き餃子
3139,焼き麩
3140,焼のり
3141,焼酎
3142,焼鳥
3143,焼豚
3144,焼肉
3145,焼肉のたれ
3146,焼肉卵黄だれ
3147,焼麩
3148,焦がしねぎ油
3149,焦がしバター
3150,焦がし玉ねぎソース
3151,照り煮のチーズまぶし
3152,照り焼きだれ
3153,照り焼きチキン
3154,照り焼きのたれ
3155,紹興酒
3156,上新粉
3157,蒸しチャンポンめん
3158,蒸しパン
3159,蒸し鶏
3160,蒸し汁
3161,蒸し帆立貝柱
3162,飾り
3163,飾り用
3164,飾り用お好みの具材
3165,飾り用クリーム
3166,飾り用スプレー
3167,食パン
3168,食パン10枚切り
3169,食パン4枚切り
3170,食パン6枚切り
3171,食パン8枚切り
3172,食パンの耳
3173,食べぽんR
3174,食べるラー油
3175,食べる甘酢だれ
3176,食べる煮干し
3177,食紅
3178,食用花
3179,食用菊
3180,食欲そそる！えびじゃが香味炒め
3181,信州みそ
3182,新キャベツ
3183,新ごぼう
3184,新じゃがいも
3185,新しょうが
3186,新しょうが　酢漬け
3187,新たけのこ
3188,新たまねぎ
3189,新にんじん
3190,新巻きざけ
3191,新玉ねぎ
3192,辛いっ酢
3193,辛みそ
3194,辛子
3195,辛子じょうゆ
3196,辛子明太子
3197,辛味しょうゆ
3198,針しょうが
3199,酢
3200,酢しょうが
3201,酢しょうがの漬け液
3202,酢じょうゆ
3203,酢みそ
3204,酢めし
3205,酢れんこん
3206,酢水
3207,酢飯
3208,酢飯の具材
3209,水
3210,水あめ
3211,水ぎょうざ
3212,水きりヨーグルト
3213,水なす
3214,水飴
3215,水菜
3216,水溶き小麦粉
3217,水溶き食紅
3218,水溶き薄力粉
3219,水溶き片栗粉
3220,水餃子
3221,炊きたてご飯
3222,数の子
3223,清酒
3224,生あん
3225,生イースト
3226,生うどん
3227,生がき
3228,生きくらげ
3229,生クリーム
3230,生ざけ
3231,生しいたけ
3232,生そば
3233,生だこ
3234,生だこの足
3235,生たら
3236,生ハム
3237,生ハム生春巻き
3238,生パン粉
3239,生ひじき
3240,生ゆば
3241,生ラーメン
3242,生わかめ
3243,生わさび
3244,生鮭
3245,生春巻きの皮
3246,生春巻の皮
3247,生切り昆布
3248,生地
3249,生地の材料
3250,生湯葉
3251,生麩
3252,製菓用コーティングチョコレート
3253,製菓用スイートチョコレート
3254,製菓用チョコレート
3255,製菓用ビターチョコレート
3256,西京みそ
3257,青じそ
3258,青じそのせん切り
3259,青とうがらし
3260,青ねぎ
3261,青のり
3262,青のり粉
3263,青パパイア
3264,青ゆず
3265,青ゆずの皮
3266,青菜
3267,青菜の漬物
3268,青汁
3269,青唐がらし
3270,青唐辛子
3271,青梅
3272,青椒肉絲
3273,青椒風ポテソーセージ
3274,石川いも
3275,赤いんげん豆
3276,赤ウインナー
3277,赤えんどう豆
3278,赤じそ
3279,赤じそのふりかけ
3280,赤じその葉
3281,赤しそふりかけ
3282,赤じそ漬け
3283,赤じそ漬け用
3284,赤だしみそ
3285,赤とうがらし
3286,赤パプリカ
3287,赤ピーマン
3288,赤みそ
3289,赤ワイン
3290,赤ワインソース
3291,赤ワインビネガー
3292,赤貝
3293,赤魚
3294,赤玉ねぎ
3295,赤鶏２枚
3296,赤酒
3297,赤唐がらし
3298,赤唐がらしのみじん切り
3299,赤唐がらしの輪切り
3300,赤唐辛子
3301,赤鍋
3302,赤梅酢
3303,赤粒こしょう
3304,切りごま
3305,切りのり
3306,切りみつば
3307,切り干し大根
3308,切り干し大根のもどし汁
3309,切り干し大根の煮物
3310,切り干し大根の炒め煮
3311,切り黒ごま
3312,切り昆布
3313,切り白ごま
3314,切り餅
3315,切干し大根
3316,切干大根とにんじんと大根葉
3317,雪印メグミルク　ナチュレ恵megumi
3318,雪印メグミルク　ナチュレ恵megumi脂肪０
3319,舌びらめ
3320,仙台みそ
3321,浅漬け
3322,洗双糖
3323,煎茶
3324,全体に火が通ったら、「味ぽん」または「味ぽんＭＩＬＤ」をフライパンに回し入れ、サッと混ぜ合わせたら火を止めて余熱で炒め合わせる。
3325,全粒粉
3326,全粒粉ビスケット
3327,全粒粉食パン
3328,粗びきウインナーソーセージ
3329,粗びきこしょう
3330,粗びきソーセージ
3331,粗びき黒こしょう
3332,粗塩
3333,粗挽き黒こしょう
3334,早ゆでマカロニ
3335,早煮昆布
3336,即席みそ汁
3337,袋入りカット野菜
3338,鯛
3339,台
3340,台湾ミンチ
3341,大さじ１
3342,大さじ１と１／２
3343,大さじ２
3344,大さじ３
3345,大さじ４
3346,大さじ５
3347,大さじ６
3348,大根
3349,大根おろし
3350,大根おろしレモンだれ
3351,大根たっぷりコンソメスープ
3352,大根のつま
3353,大根の甘酢漬け
3354,大根の浅漬け
3355,大根の調味料
3356,大根の皮
3357,大根の葉
3358,大正えび
3359,大豆
3360,大豆　缶詰
3361,大豆の水煮
3362,大豆の水煮缶
3363,大豆もやし
3364,大豆粉
3365,大麦
3366,大和いも
3367,大和芋
3368,鷹のつめ
3369,谷中しょうが
3370,淡路島たまねぎ
3371,炭酸
3372,炭酸水
3373,地鶏
3374,茶そば
3375,中とろ
3376,中華ｽｰﾌﾟかにとわかめ入り
3377,中華ｽｰﾌﾟコーンと帆立入り
3378,中華ｽｰﾌﾟ椎茸と鶏肉入り
3379,中華スープ
3380,中華スープの素
3381,中華めん
3382,中華ゆでめん
3383,中華蒸しめん
3384,中華生めん
3385,中華麺
3386,中国ハム
3387,中濃ソース
3388,中力粉
3389,調整豆乳
3390,調味液
3391,調味料
3392,調味料１
3393,調味料２
3394,調味料３
3395,長いも
3396,長いものピクルス
3397,長なす
3398,長ねぎ
3399,長ひじき
3400,長芋
3401,陳皮
3402,漬けだれ
3403,漬けまぐろ
3404,漬け海鮮
3405,漬け込み液
3406,漬け汁
3407,漬け床
3408,漬け用たれ
3409,漬け用調味料
3410,漬物
3411,低脂肪生クリーム
3412,低脂肪乳
3413,適量
3414,天かす
3415,天つゆ
3416,天ぷら
3417,天ぷらのころも
3418,天ぷらの衣
3419,天ぷら衣
3420,天ぷら粉
3421,添え野菜
3422,甜茶
3423,甜茶葉
3424,甜面醤
3425,甜麺醤
3426,田楽みそ
3427,田作り
3428,田舎みそ
3429,電子レンジ加熱時の調味料
3430,土佐酢
3431,土台
3432,冬瓜
3433,島豆腐
3434,桃
3435,湯
3436,湯葉
3437,糖質0gめん
3438,糖質０ｇ麺
3439,糖質オフ麺
3440,豆あじ
3441,豆チ
3442,豆のマリネ
3443,豆の水煮
3444,豆みそ
3445,豆もやし
3446,豆寒天
3447,豆鼓
3448,豆乳
3449,豆乳コーンスープ
3450,豆乳だれ
3451,豆乳のチーズ風
3452,豆板醤
3453,豆苗
3454,豆苗とウインナーのだしマヨ炒め
3455,豆腐
3456,豆腐ナゲット
3457,豆腐ハンバーグ
3458,道明寺粉
3459,特製ダブルトマトソース
3460,突きこんにゃく
3461,豚かた肉
3462,豚こまの生姜煮
3463,豚こま切れ肉
3464,豚しゃぶしゃぶ用肉
3465,豚しょうが焼き用肉
3466,豚スペアリブ
3467,豚とろ
3468,豚ニラガーリックのスタミナチャーハン
3469,豚のしょうがやき
3470,豚のしょうが焼き
3471,豚の背脂
3472,豚バラかたまり肉
3473,豚バラピーマン
3474,豚バラ肉
3475,豚ばら肉
3476,豚バラ肉　しゃぶしゃぶ用
3477,豚バラ肉　ブロック
3478,豚バラ肉　焼肉用
3479,豚バラ肉　薄切り
3480,豚バラ肉薄切り
3481,豚バラ白菜巻き
3482,豚バラ薄切り肉
3483,豚ひき肉
3484,豚ひき肉かたまり焼き
3485,豚ひと口かつ肉
3486,豚ヒレかたまり肉
3487,豚ヒレ肉
3488,豚ホルモン
3489,豚モツ
3490,豚もつ
3491,豚ももかたまり肉
3492,豚ももひき肉
3493,豚もも角切り肉
3494,豚もも赤身かたまり肉
3495,豚もも赤身肉
3496,豚もも赤身薄切り肉
3497,豚もも肉
3498,豚もも肉　ブロック
3499,豚もも肉　薄切り
3500,豚もも薄切り肉
3501,豚レバー
3502,豚ロースかたまり肉
3503,豚ロースしゃぶしゃぶ肉
3504,豚ロースしょうが焼き用肉
3505,豚ロースとんかつ用肉
3506,豚ロース肉
3507,豚ロース肉　とんかつ用
3508,豚ロース肉　薄切り
3509,豚ロース肉ソテー用
3510,豚ロース肉薄切り
3511,豚ロース薄切り肉
3512,豚角煮
3513,豚肩ロースかたまり肉
3514,豚肩ロースしゃぶしゃぶ用肉
3515,豚肩ロース赤身肉
3516,豚肩ロース肉
3517,豚肩ロース肉　ブロック
3518,豚肩ロース肉とんかつ用
3519,豚肩ロース薄切り肉
3520,豚骨つきバラ肉
3521,豚三枚肉
3522,豚汁
3523,豚赤身ひき肉
3524,豚粗ひき肉
3525,豚足
3526,豚肉
3527,豚肉　カレー
3528,豚肉　しゃぶしゃぶ用
3529,豚肉　とんかつ用
3530,豚肉　もも肉　脂身なし
3531,豚肉　肩ロース　脂身なし
3532,豚肉　小間切れ
3533,豚肉　切りおとし
3534,豚肉　薄切り
3535,豚肉と野菜のナポリタン風炒め
3536,豚肉のしぐれ煮入り巻きずし
3537,豚肉のしょうが焼き
3538,豚肉のはちみつしょうゆ漬け
3539,豚肉のゆで汁
3540,豚肉の下味
3541,豚肉の下味用
3542,豚肉の漬け汁
3543,豚肉ロース　脂身なし
3544,豚薄切り肉
3545,鍋つゆ
3546,鍋具材
3547,鍋調味料
3548,南関揚げ
3549,南蛮たれ
3550,南蛮酢
3551,南蛮漬けのたれ
3552,南蛮漬け調味液
3553,南部せんべい　ごま入り
3554,軟骨ソーキ
3555,軟飯
3556,二杯酢
3557,肉ギョウザの具
3558,肉そぼろ
3559,肉だね
3560,肉だねの具材
3561,肉だねの材料
3562,肉だねの調味料
3563,肉だんご
3564,肉の下味
3565,肉まん
3566,肉みそ
3567,肉みそキャベツ
3568,肉みそだれ
3569,肉巻きおにぎり
3570,肉団子
3571,肉団子材料
3572,肉味噌
3573,日本茶
3574,乳酸菌飲料
3575,熱湯
3576,濃いだしあん
3577,納豆
3578,納豆しらす巻き
3579,納豆だれ
3580,納豆のたれ
3581,納豆ワンタン
3582,納豆昆布
3583,馬肉
3584,梅
3585,梅おろし
3586,梅ドレッシング
3587,梅干し
3588,梅酒
3589,梅肉
3590,梅肉ソース
3591,梅肉ドレッシング
3592,柏の葉
3593,白あん
3594,白いんげん豆
3595,白いんげん豆の水煮
3596,白うり
3597,白かまぼこ
3598,白きくらげ
3599,白こしょう
3600,白ごま
3601,白こんにゃく
3602,白ざらめ
3603,白しょうゆ
3604,白だし
3605,白ねぎ
3606,白ぶどう
3607,白ぶなしめじ
3608,白みそ
3609,白ワイン
3610,白ワインビネガー
3611,白玉粉
3612,白菜
3613,白菜キムチ
3614,白菜のピクルス
3615,白菜の塩漬け
3616,白菜の甘酢漬け
3617,白菜の芯
3618,白菜の中華風ごまあえ
3619,白菜の葉
3620,白菜漬け
3621,白子
3622,白身魚
3623,白身魚のすり身
3624,白身魚の下味
3625,白身魚の刺身
3626,白身魚フライ
3627,白桃
3628,白桃缶
3629,白鍋
3630,白髪ねぎ
3631,薄口しょうゆ
3632,薄焼き卵
3633,薄切りハム
3634,薄力粉
3635,麦
3636,麦ご飯
3637,麦みそ
3638,八つ頭
3639,八角
3640,八丁みそ
3641,発芽玄米
3642,発芽玄米ご飯
3643,半ずり白ごま
3644,半熟卵
3645,帆立貝
3646,帆立貝の下味
3647,帆立貝の水煮
3648,帆立貝柱
3649,帆立貝柱の水煮缶
3650,帆立缶の汁
3651,板こんにゃく
3652,板ゼラチン
3653,板チョコレート
3654,挽きわり納豆
3655,番茶
3656,番茶の葉
3657,飛竜頭
3658,美味ぽん納豆
3659,筆しょうが
3660,姫たけのこ
3661,姫たけのこの水煮
3662,氷
3663,氷砂糖
3664,氷水
3665,付け合わせ
3666,伏見唐がらし
3667,福豆
3668,粉かつお
3669,粉がつお
3670,粉がらし
3671,粉かんてん
3672,粉ざんしょう
3673,粉しょうが
3674,粉ゼラチン
3675,粉チーズ
3676,粉ふきいも
3677,粉寒天
3678,粉砂糖
3679,粉山椒
3680,粉唐がらし
3681,粉唐辛子
3682,粉糖
3683,粉末だしの素
3684,粉類
3685,米
3686,米こうじ
3687,米なす
3688,米ぬか
3689,米のとぎ汁
3690,米みそ
3691,米菓子
3692,米酢
3693,米粉
3694,米粉パン
3695,米油
3696,片栗粉
3697,穂じそ
3698,泡盛
3699,坊ちゃんかぼちゃ
3700,棒かまぼこ
3701,棒寒天
3702,本くず粉
3703,本みりん
3704,麻婆だれ
3705,麻婆茄子カレー
3706,麻婆豆腐
3707,麻婆豆腐の素
3708,麻辣鍋の素
3709,抹茶
3710,抹茶クリーム
3711,抹茶風味
3712,万願寺とうがらし
3713,万願寺唐がらし
3714,万能ねぎ
3715,万能みそ
3716,味つきメンマ
3717,味つけのり
3718,味つけ油揚げ
3719,味の素冷凍食品KK「エビ寄せフライ」
3720,味の素冷凍食品KK「ギョーザ」
3721,味の素冷凍食品KK「グリンピース」
3722,味の素冷凍食品KK「ザ★シュウマイ」
3723,味の素冷凍食品KK「ザ★チャーハン」
3724,味の素冷凍食品KK「しょうがギョーザ」
3725,味の素冷凍食品KK「スーパースイートコーン」
3726,味の素冷凍食品KK「プリプリのエビシューマイ」
3727,味の素冷凍食品KK「ミックスベジタブル」
3728,味の素冷凍食品KK「もちもち厚皮水餃子」
3729,味の素冷凍食品KK「やわらか若鶏から揚げボリュームパック」
3730,味の素冷凍食品KK「レモンとバジルのチキン香り揚げ」
3731,味の素冷凍食品KK「具だくさんエビピラフ」
3732,味の素冷凍食品KK「本打ちさぬきうどん」
3733,味の素冷凍食品KK「野菜たっぷり中華丼の具」
3734,味ぽん
3735,味ぽんサルサソース
3736,味玉
3737,味噌
3738,味付けのり
3739,味付けフライ麺風スナック菓子
3740,味付け油揚げ
3741,味付け卵
3742,味付のり
3743,無塩バター
3744,無洗米
3745,無調整豆乳
3746,無糖のピーナッツバター
3747,無頭えび
3748,明石たこ
3749,明太子
3750,明太子とチーズのワンタン
3751,鳴門わかめ
3752,毛がに
3753,木の芽
3754,木綿豆腐
3755,目玉焼き
3756,目玉焼きのっけ彩り野菜チャーハン
3757,餅
3758,餅巾着
3759,紋甲いか
3760,野菜サラダ
3761,野菜ジュース
3762,野菜とベーコンのピラフ
3763,野菜の切れ端
3764,野菜ミックス
3765,野菜百珍ごま和えの素
3766,野沢菜
3767,野沢菜の塩漬け
3768,野沢菜漬け
3769,薬味
3770,薬味味玉
3771,油揚げ
3772,油揚げの煮汁
3773,油麩
3774,幽庵地
3775,有頭えび
3776,有頭海老
3777,柚庵地
3778,柚子
3779,柚子こしょう
3780,揚げボール
3781,揚げ玉
3782,揚げ中華めん
3783,揚げ野菜
3784,揚げ油
3785,揚げ卵
3786,洋なし
3787,洋酒
3788,洋風スープの素
3789,洋風すし酢
3790,洋風野菜ミックス
3791,洋梨
3792,溶かしバター
3793,溶きがらし
3794,溶き辛子
3795,溶き卵
3796,溶けるチーズ
3797,葉しょうが
3798,卵
3799,卵そぼろ
3800,卵液
3801,卵黄
3802,卵黄だれ
3803,卵焼き
3804,卵豆腐
3805,卵白
3806,利尻昆布
3807,梨
3808,里いも
3809,里芋
3810,粒あん
3811,粒こしょう
3812,粒ざんしょう
3813,粒マスタード
3814,粒マスタードソース
3815,粒マスタードドレッシング
3816,粒黒こしょう
3817,粒入りマスタード
3818,粒白こしょう
3819,竜田揚げ
3820,料理酒
3821,緑茶
3822,緑豆はるさめ
3823,緑豆もやし
3824,緑豆春雨
3825,冷たいバター
3826,冷めん
3827,冷やご飯
3828,冷やし中華のたれ
3829,冷やし中華用めん
3830,冷水
3831,冷凍うどん
3832,冷凍えびフライ
3833,冷凍かぼちゃ
3834,冷凍グリーンアスパラガス
3835,冷凍グリンピース
3836,冷凍シーフードミックス
3837,冷凍とうもろこし
3838,冷凍パイシート
3839,冷凍ハンバーグ
3840,冷凍フライポテト
3841,冷凍ブルーベリー
3842,冷凍ブロッコリー
3843,冷凍ほうれん草
3844,冷凍または生１５個
3845,冷凍ミックスベリー
3846,冷凍ラズベリー
3847,冷凍ロールいか
3848,冷凍讃岐うどん
3849,冷凍枝豆
3850,冷凍肉入りカット野菜
3851,冷凍帆立貝柱
3852,冷凍皮付きポテト
3853,冷凍無頭えび
3854,冷凍紋甲いか
3855,冷凍揚げなす
3856,冷凍里いも
3857,冷凍餃子
3858,冷麺
3859,練りあん
3860,練りうに
3861,練りからし
3862,練りがらし
3863,練りごま
3864,練りマスタード
3865,練りようかん
3866,練りわさび
3867,練り黒ごま
3868,練り辛子
3869,練り梅
3870,練り白ごま
3871,練乳
3872,老酒
3873,和えごろも
3874,和え衣
3875,和がらし
3876,和辛子
3877,和風カレー焼うどん
3878,和風ソース
3879,和風だしの素
3880,和風だし汁
3881,和風タルタルソース
3882,和風ドレッシング
3883,和風にんにくソース
3884,和風ヨーグルトソース
3885,和風野菜ミックス
3886,炒り卵
3887,炒り卵の調味料
3888,胚芽パン
3889,胚芽米
3890,胚芽米ご飯
3891,贅沢トマトソース
3892,顆粒コンソメ
3893,顆粒だしの素
3894,顆粒中華だし
3895,顆粒和風だし
3896,餃子の材料
3897,餃子の皮
3898,麩
