10002001,大豆もやし,1/2袋
10002001,にんじん,3ｃｍ
10002001,いんげん,4本
10002001,木綿豆腐,1/2丁
10002001,塩,少々
10002001,キユーピー深煎りごまドレッシング,大さじ3
10002004,ピーマン,3個
10002004,玉ねぎ,1/4個
10002004,ミニトマト,4個
10002004,サラダチキン,50ｇ
10002004,キユーピーテイスティドレッシング　黒酢たまねぎ,大さじ3
10002010,ピーマン,4個
10002010,豚肉（こま切れ）,100ｇ
10002010,ミニトマト,4個
10002010,サラダ油,適量
10002010,キユーピーテイスティドレッシング　黒酢たまねぎ,大さじ3
10002011,ピーマン,4個
10002011,にんじん,1/2本
10002011,鶏むね肉,1/2枚
10002011,片栗粉,適量
10002011,サラダ油,小さじ2
10002011,キユーピーテイスティドレッシング　黒酢たまねぎ,大さじ3
10002014,きゅうり,1/2本
10002014,玉ねぎ,1/4個
10002014,サラダチキン,50ｇ
10002014,キユーピーマヨネーズ,大さじ2
10002014,サラダクラブミックスビーンズ　ひよこ豆／青えんどう／赤いんげん豆,1袋
10002015,玉ねぎ,1/4個
10002015,アボカド,1/2個
10002015,プロセスチーズ,3個
10002015,レモン汁,少々
10002015,キユーピーマヨネーズ,大さじ2
10002015,サラダクラブミックスビーンズ　ひよこ豆／青えんどう／赤いんげん豆,1袋
10002018,キャベツ,2枚（大）
10002018,赤パプリカ,1/4個
10002018,ツナ（缶詰）,1/2缶(35ｇ)
10002018,キユーピーマヨネーズ,大さじ2
10002018,サラダクラブミックスビーンズ　ひよこ豆／青えんどう／赤いんげん豆,1袋
10002019,ブロッコリー,1/3株
10002019,ゆで卵,1個
10002019,塩,適量
10002019,キユーピーマヨネーズ,大さじ3
10002019,サラダクラブミックスビーンズ　ひよこ豆／青えんどう／赤いんげん豆,1袋
10002019,サラダクラブブラックオリーブ（スライス）,1/2袋
10002020,にんじん,1/3本
10002020,玉ねぎ,1/4個
10002020,ひじき,7ｇ（乾燥）
10002020,キユーピーマヨネーズ,大さじ2
10002020,サラダクラブミックスビーンズ　ひよこ豆／青えんどう／赤いんげん豆,1袋
10002022,玉ねぎ,1/4個
10002022,アボカド,1/2個
10002022,カレー粉,小さじ1/2
10002022,キユーピーマヨネーズ,大さじ2
10002022,サラダクラブミックスビーンズ　ひよこ豆／青えんどう／赤いんげん豆,1袋
10002022,サラダクラブ北海道コーン（ホール）,大さじ2
10002032,トマト,1/2個
10002032,リーフレタス,2枚
10002032,黄パプリカ,1/4個
10002032,アボカド,1/2個
10002032,まぐろ,150ｇ
10002032,サラダクラブミックスビーンズ　ひよこ豆／青えんどう／赤いんげん豆,1袋
10002032,キユーピーテイスティドレッシング　黒酢たまねぎ,適量
10002035,きゅうり,1/2本
10002035,黄パプリカ,1/4個
10002035,たこ,80ｇ
10002035,キユーピーレモンドレッシング,大さじ2
10002035,キユーピーあらびきマスタード,小さじ1
10002035,サラダクラブガルバンゾ（ひよこ豆）,1袋
10002036,にんじん,1/4本
10002036,ひじき,10ｇ（乾燥）
10002036,油揚げ,1/4枚
10002036,しょうゆ,大さじ2
10002036,酒,大さじ2
10002036,砂糖（上白糖）,大さじ2
10002036,顆粒和風だし,小さじ1
10002036,水,200ＣＣ
10002036,サラダ油,小さじ2
10002036,サラダクラブ和豆ミックス（国産）　青大豆／白いんげん豆／きんとき豆,1袋
10002037,かつおのたたき,6切れ
10002037,新玉ねぎ,1/3個
10002037,レタス,1枚
10002037,小ねぎ,適量
10002037,キユーピーレモンドレッシング,適量
10002038,グリーンアスパラガス,4本
10002038,玉ねぎ,1/4個
10002038,鶏ささみ,2本
10002038,塩,少々
10002038,酒,少々
10002038,サラダクラブ和豆ミックス（国産）　青大豆／白いんげん豆／きんとき豆,1袋
10002038,キユーピーテイスティドレッシング　黒酢たまねぎ,大さじ2
10002039,えのきだけ,1パック
10002039,オクラ,6本
10002039,みょうが,1個
10002039,塩,適量
10002039,サラダクラブ和豆ミックス（国産）　青大豆／白いんげん豆／きんとき豆,1袋
10002039,キユーピーテイスティドレッシング　黒酢たまねぎ,大さじ2
10002040,スパゲッティ,200ｇ
10002040,ブロッコリー,1/2株
10002040,ミニトマト,8個
10002040,にんにく,1かけ
10002040,白ワイン,大さじ1
10002040,塩,少々
10002040,黒こしょう,少々
10002040,オリーブ油,大さじ2
10002040,キユーピーアンチョビーソース,大さじ1
10002041,まいたけ,1パック
10002041,ベビーリーフ,1パック
10002041,りんご,1/2個
10002041,鶏むね肉,1/2枚
10002041,塩,少々
10002041,こしょう,少々
10002041,サラダ油,適量
10002041,キユーピーレモンドレッシング,適量
10002041,サラダクラブミックスビーンズ　ひよこ豆／青えんどう／赤いんげん豆,1袋
10002042,キャベツ,1枚
10002042,きゅうり,1/2本
10002042,ツナ（缶詰）,1/2缶(35ｇ)
10002042,サラダクラブ和豆ミックス（国産）　青大豆／白いんげん豆／きんとき豆,1袋
10002042,キユーピーテイスティドレッシング　黒酢たまねぎ,大さじ2
10002044,エリンギ,2本
10002044,リーフレタス,2枚
10002044,白ぶどう,5粒（小）
10002044,ベーコン,60ｇ(ブロック）
10002044,サラダ油,適量
10002044,サラダクラブミックスビーンズ　ひよこ豆／青えんどう／赤いんげん豆,1袋
10002044,キユーピーシーザーサラダドレッシング,適量
10002049,トマト,1個
10002049,新玉ねぎ,1/2個
10002049,きゅうり,1/2本
10002049,キユーピーにんじんドレッシング,適量
